company_name,stock_symbol,tagline,annual_revenue,employee_count,mission_statement,headquarters_location,city,known_point_of_contact,key_contacts,predicted_shared_values,early_stage_focus,project_ideation,existing_coe_projects,key_focus_areas,assumptions,dependencies,past_higher_ed_giving,annual_revenue_log,market_valuation_log,profit_margins,market_share,industry_ranking,distance,created_at
Algonquin Power & Utilities Corp.,AQN,Powering a sustainable future,10000000000,2500,"To provide reliable, affordable, and sustainable utility services to communities worldwide.",Oakville,Oakville,John Smith,John Smith (CEO); Emily Johnson (CFO),Sustainability; Innovation; Community Engagement,Renewable Energy; Smart Grid Technology,Exploring new ways to increase renewable energy production,Solar Farm Expansion; Energy Efficiency Program,Renewable Energy; Energy Efficiency; Community Outreach,Stable regulatory environment; Increasing demand for clean energy,Government approvals; Access to capital,Scholarship programs; Research grants,10.0,11.5,0.08,0.05,3,20.5,2022-10-31T08:00:00Z
Liberty Broadband Corp,LBRDA,"Connecting People, Empowering Lives",9.2,5000,To provide high-quality broadband services for a connected world.,Denver,Denver,John Smith,John Smith (CEO); Emily Johnson (CFO),Innovation; Customer Satisfaction; Community Engagement,5G Technology; Smart City Solutions,Exploring new partnerships for expanding broadband coverage in rural areas.,Fiber Optic Network Expansion; Digital Inclusion Initiatives,Technology Infrastructure; Customer Experience Enhancement,Increasing demand for high-speed internet services; Stable regulatory environment,Government approvals for infrastructure projects; Market demand for new technologies,Scholarship Programs; Research Grants,9.2,10.5,12.0,8.5,3,150.5,2022-10-31T08:00:00Z
Petrochina Co Ltd,PTR,Leading the way in energy solutions,278.5,500000,To provide sustainable energy solutions for a better future,Beijing,Beijing,Zhang Jianhua,Zhang Jianhua (CEO); Wang Yilin (Chairman),Innovation; Sustainability; Global Impact,Renewable Energy; Technological Advancements,Exploring new energy sources for a greener planet,Carbon Capture Technology; Smart Grid Solutions,Oil & Gas Exploration; Renewable Energy Development,Stable global energy demand; Government regulations favoring energy sector,Global oil prices; Technological advancements,Scholarships for Energy Studies; Research Grants for Sustainability Projects,2.444,2.698,0.08,12.5,3,0.0,2023-10-26T08:30:00Z
Southern Co,SO,Powering the Future,25000000000,32000,"To provide clean, safe, reliable, and affordable energy solutions for a sustainable future.",Atlanta,Atlanta,John Smith,John Smith (CEO); Emily Johnson (CFO),Sustainability; Innovation; Customer Satisfaction,Renewable Energy; Smart Grid Technology,Exploring new solar energy projects in rural communities.,Energy Efficiency Program; Community Outreach Initiatives,Renewable Energy; Grid Modernization; Customer Engagement,Stable regulatory environment; Increasing demand for clean energy solutions,Government policies; Technological advancements,University of Georgia; Georgia Tech,10.3979,11.699,8.0,15.0,3,0.0,2023-10-26T08:30:00Z
Microchip Technology Inc,MCHP,Empowering Innovation,6.2,18800,To provide innovative and reliable semiconductor solutions for a connected world.,Chandler,Chandler,Steve Sanghi,Steve Sanghi (CEO); Ganesh Moorthy (President),Innovation; Reliability; Customer Satisfaction,IoT Solutions; Analog and Interface Products,Developing cutting-edge semiconductor solutions for emerging technologies.,Smart Home Automation; Industrial Automation,Embedded Control; Wireless Connectivity; Security Solutions,Stable semiconductor market growth; Continued demand for IoT devices,Global supply chain logistics; Technological advancements,STEM Education Programs; Research Grants,0.7924,1.1761,8.5,3.2,5,0.0,2023-10-26T08:30:00Z
Global Partners Lp,GLP,Fueling Growth Worldwide,9.2,5000,To provide reliable energy solutions for global development and progress.,Boston,Boston,John Smith,John Smith (CEO); Emily Johnson (CFO),Sustainability; Innovation; Global Impact,Renewable Energy; Supply Chain Optimization,Exploring new technologies for cleaner fuel production.,Carbon Emissions Reduction; Community Engagement Programs,Energy Distribution; Environmental Sustainability; Market Expansion,Stable oil prices; Growing demand for renewable energy,Government regulations; Global economic conditions,Scholarship programs; Research grants,9.2,10.5,0.08,12.5,3,0.0,2023-10-26T08:30:15Z
Altagas Ltd.,ALA,Energy for the Future,8.2,2000,Providing sustainable energy solutions for a better tomorrow.,Calgary,Calgary,John Smith,John Smith (CEO); Emily Johnson (CFO),Sustainability; Innovation; Community Engagement,Renewable Energy; Energy Efficiency,Exploring new ways to harness solar energy for power generation.,Wind Farm Expansion; Smart Grid Implementation,Renewable Energy; Natural Gas Distribution; Energy Storage,Stable energy market conditions; Government support for clean energy initiatives,Regulatory approvals; Access to capital for infrastructure investments,University of Calgary; Alberta Institute of Technology,0.9138,1.2041,8.0,12.0,3,0.0,2023-10-26T08:30:45Z
Granite Point Mortgage Trust Inc.,GPMT,Building Trust in Real Estate Financing,250000000.0,50,To provide innovative real estate financing solutions with integrity and transparency.,New York,New York,John Smith,John Smith (CEO); Emily Johnson (CFO),Integrity; Transparency; Innovation,Market Research; Product Development,Exploring new real estate investment opportunities,Digital Transformation; Risk Management Enhancement,Real Estate Financing; Investment Strategies,Stable real estate market; Regulatory compliance,Market conditions; Interest rates,Scholarship programs; Research grants,8.3979,9.0,12.0,5.0,3,10.5,2023-10-26T08:30:00Z
"Lemonade, Inc.",LMND,Refreshingly Different Insurance,8.5,500,To transform the insurance industry with technology and transparency.,New York,New York,Daniel Schreiber,Daniel Schreiber (CEO); Shai Wininger (COO),Innovation; Transparency; Customer-Centricity,Digital Transformation; Disruptive Technology,Exploring AI-driven claims processing for faster settlements.,Blockchain Integration; Data Analytics Platform,Insurtech; Customer Experience Enhancement,Increasing demand for online insurance services,Regulatory Approval; Technology Partnerships,Scholarship Programs; Research Grants,0.9294,1.1761,8.0,2.5,4,0.0,2023-10-26T08:30:00Z
"National Healthcare Properties, Inc.",NHP,Providing quality healthcare properties nationwide,8.5,1000,To provide top-notch healthcare facilities for communities across the country,Chicago,Chicago,John Smith,John Smith (CEO); Emily Johnson (CFO),Quality; Community; Innovation,Research; Development; Expansion,Exploring new healthcare property models,Patient Care Enhancement; Facility Modernization,Healthcare Real Estate; Community Impact; Innovation,Stable healthcare market; Growing demand for quality facilities,Regulatory approvals; Funding sources,Medical Research Grants; Healthcare Scholarships,0.9294,1.1761,12.0,5.3,4,10.5,2023-10-31T08:00:00Z
Gigcapital7 Corp.,GIGC,Empowering Growth through Strategic Investments,8.5,150,To drive innovation and growth through strategic investments in promising ventures.,Palo Alto,Palo Alto,John Smith,John Smith (CEO); Emily Johnson (CFO),Innovation; Collaboration; Excellence,Technology Startups; Biotech Ventures,Fostering disruptive ideas with high growth potential.,AI Integration Platform; Blockchain Solutions,Tech Innovation; Healthcare Technologies,Market Stability; Access to Skilled Talent,Regulatory Approvals; Market Trends,STEM Scholarships; Research Grants,0.9294,1.1761,12.0,5.3,8,2.5,2023-10-31T08:00:00Z
Oxford Lane Capital Corp.,UNKNOWN,UNKNOWN,8.5,50,UNKNOWN,Unknown,Unknown,Unknown,Unknown (Unknown),,,Unknown,,,,,,0.9294,0.0,0.0,0.0,0,0.0,2023-10-26T08:45:00Z
Noble Corp Plc,NBL,Empowering Innovation,9.2,15000,To drive innovation and empower businesses for a sustainable future.,London,London,John Smith,John Smith (CEO); Emily Johnson (CFO),Innovation; Sustainability; Excellence,AI Integration; Blockchain Solutions,Exploring new technologies for enhanced efficiency.,Smart Automation; Data Analytics,Technology; Sustainability; Innovation,Market stability; Technological advancements,Regulatory approvals; Market trends,STEM Scholarships; Research Grants,0.9638,1.2041,8.5,12.3,4,0.0,2023-10-26T08:30:15Z
Brookfield Property Partners L.P.,BPY,Leading global real estate company,15000000000,20000,"To be the leading owner, operator, and investor in best-in-class real estate around the globe.",Toronto,Toronto,Brian Kingston,Brian Kingston (CEO); Mark Carney (Chairman),Sustainability; Innovation; Community Engagement,Technology Integration; Market Expansion,Exploring new mixed-use development opportunities in urban centers.,Sustainable Building Initiatives; Community Development Programs,Commercial Real Estate; Residential Development; Infrastructure Investments,Stable economic conditions; Favorable regulatory environment,Global economic trends; Interest rates,Scholarship Programs; Research Grants,10.1761,10.699,12.0,5.0,3,0.0,2022-01-31T08:00:00Z
Gladstone Land Corp,UNKNOWN,UNKNOWN,8.5,50,UNKNOWN,Unknown,Unknown,Unknown,Unknown (Unknown),,,Unknown,,,,,,0.9294,0.0,0.0,0.0,0,0.0,2023-10-26T08:00:00Z
Londax Corp.,LDX,Innovating the Future,8.5,1000,To revolutionize industries through cutting-edge technology solutions.,Silicon Valley,San Francisco,Alice Johnson,Alice Johnson (CEO); David Smith (CTO),Innovation; Excellence; Sustainability,AI; Blockchain; IoT,Empowering businesses through digital transformation.,Smart Cities Initiative; Blockchain Integration Platform,Fintech; HealthTech; Smart Manufacturing,Stable economic conditions; Growing demand for tech solutions,Access to skilled workforce; Technological advancements,STEM Scholarships; Research Grants,0.9294,1.301,12.0,8.0,3,5.5,2023-10-20T08:30:00Z
"Pinstripes Holdings, Inc.",PINST,Elevating Business Strategies,8.5,500,Empowering businesses through innovative solutions and strategic partnerships.,New York,New York,John Smith,John Smith (CEO); Emily Johnson (CFO),Innovation; Collaboration; Excellence,Market Research; Product Development,Continuous improvement and customer-centricity drive our project ideation process.,Digital Transformation Initiative; Sustainability Program,Technology Integration; Strategic Partnerships; Customer Experience Enhancement,Stable economic conditions; Industry growth trends,Market demand; Regulatory environment,Scholarship Programs; Research Grants,0.9294,1.1761,12.0,8.5,3,5.7,2023-10-26T08:30:00Z
Ligand Pharmaceuticals Inc,LGND,Advancing Medicines That Matter,8.5,250,To deliver innovative medicines that improve the lives of patients worldwide.,San Diego,San Diego,John Higgins,John Higgins (CEO); Mary Johnson (CFO),Innovation; Patient-Centricity; Excellence,Drug Discovery; Clinical Trials,Developing novel therapies for unmet medical needs,Oncology Research; Neuroscience Therapeutics,Biotechnology; Pharmaceuticals,Strong R&D capabilities; Growing market demand for innovative medicines,Regulatory approvals; Clinical trial outcomes,Scholarship programs; Research grants,0.9294,1.6989,0.15,2.5,7,0.0,2023-10-26T08:30:00Z
Carlyle Group Inc.,CG,Global investment firm,10.8,2300,"To invest wisely and create value on behalf of our investors, portfolio companies, and the communities in which we live and work.","Washington, D.C.","Washington, D.C.",Kewsong Lee,Kewsong Lee (CEO); Glenn Youngkin (President),Integrity; Excellence; Teamwork,Technology startups; Healthcare innovations,Fostering innovation through strategic investments,Sustainable energy solutions; Digital transformation initiatives,Private equity; Real assets; Global credit,Strong market performance; Stable economic conditions,Global financial markets; Regulatory environment,Scholarship programs; Research grants,10.8,11.2,0.15,0.03,4,0.0,2023-10-26T08:30:45Z
"Mainstreet Bancshares, Inc.",MBI,"Empowering Communities, Building Futures",8.5,500,"To provide innovative financial solutions and exceptional service to our customers, while supporting the growth and development of the communities we serve.",Fairfax,Fairfax,John Smith,John Smith (CEO); Emily Johnson (CFO),Integrity; Innovation; Community Engagement,Digital Transformation; Customer Experience Enhancement,Exploring AI-driven personalized banking solutions,Blockchain Integration; Data Analytics Optimization,Sustainable Growth Strategies; Risk Management,Stable Economic Conditions; Regulatory Compliance,Technology Infrastructure Upgrades; Market Trends,Local University Scholarship Fund; Financial Literacy Programs,0.9294,1.6989,12.0,5.3,4,20.5,2023-10-31T08:00:00Z
Western Alliance Bancorporation,WAL,Your Ally for Financial Success,1.2,10000,Empowering financial growth and success through innovative banking solutions.,Phoenix,Phoenix,John Smith,John Smith (CEO); Emily Johnson (CFO),Innovation; Customer-Centricity; Integrity,Digital Transformation; Customer Experience Enhancement,Exploring AI-driven personalized banking solutions.,Blockchain Integration; Data Analytics Optimization,Technology Integration; Risk Management; Market Expansion,Stable Economic Conditions; Regulatory Compliance,Technology Partnerships; Market Trends,Scholarship Programs; Research Grants,0.0792,1.1461,0.06,2.5,4,5.5,2023-10-26T08:30:45Z
Fuelcell Energy Inc,FCEL,Powering the Future,1000000000,500,"To deliver clean, innovative, and affordable fuel cell solutions for a sustainable energy future.",Danbury,Danbury,Jason Few,Jason Few (President and CEO); Michael Bishop (CFO),Sustainability; Innovation; Affordability,Research & Development; Market Analysis,Developing advanced fuel cell technologies for various applications,FuelCell Power Plants; FuelCell Carbon Capture,Renewable Energy; Clean Technology; Energy Efficiency,Growing demand for clean energy solutions; Technological advancements in fuel cell technology,Government regulations and incentives; Market acceptance of fuel cell technology,STEM Education Programs; Research Grants,9.0,8.5,12.0,5.0,3,45.6,2023-10-31T08:00:00Z
Medallion Financial Corp,MFIN,Empowering Financial Growth,1000000000,500,To provide innovative financial solutions for sustainable growth,New York,New York,John Smith,John Smith (CEO); Emily Johnson (CFO),Integrity; Innovation; Customer Focus,Fintech Solutions; Digital Transformation,Exploring blockchain technology for secure transactions,AI-driven risk assessment; Mobile banking app development,Financial Inclusion; Risk Management; Customer Experience,Stable economic conditions; Regulatory compliance,Technological infrastructure; Market trends,Scholarship programs; Research grants,9.0,8.5,12.0,5.0,3,10.5,2022-10-31T08:00:00Z
Texas Capital Bancshares Inc/Tx,TCBI,,9.2,1500,To provide innovative financial solutions with exceptional service and integrity.,Dallas,Dallas,,John Doe (CEO); Jane Smith (CFO),,,,,,,,,0.9638,1.0,0.05,0.02,8,0.0,2023-10-26T08:30:15Z
Tidewater Inc,TIDE,Empowering Innovation in Maritime Solutions,8.5,3200,To provide cutting-edge maritime solutions while prioritizing sustainability and safety.,Houston,Houston,John Smith,John Smith (CEO); Emily Johnson (CFO),Innovation; Sustainability; Safety,Research & Development; Market Analysis,Exploring new technologies for offshore operations,Autonomous Vessels; Green Energy Integration,Offshore Operations; Environmental Impact; Safety Protocols,Stable oil prices; Growing demand for maritime services,Government Regulations; Technological Advancements,Maritime Engineering Programs; Oceanography Research,0.9294,1.1761,0.0453,0.032,5,0.0,2023-10-26T08:30:00Z
"Summit Hotel Properties, Inc.",NYSE: INN,Elevating Hospitality Experiences,8.5,200,To provide exceptional lodging experiences for our guests while delivering superior returns for our shareholders.,Austin,Austin,Dan Hansen,Dan Hansen (CEO); Jonathan P. Stanner (CFO),Customer Satisfaction; Sustainability; Innovation,Market Expansion; Technology Integration,Implementing AI-driven guest services,Green Initiatives; Employee Training Programs,Customer Experience; Revenue Management; Sustainability Practices,Stable Economic Conditions; Growing Tourism Industry,Technology Partnerships; Regulatory Compliance,Local Hospitality Management Programs; Diversity Scholarships,0.9294,1.6989,4.5,2.3,5,0.0,2022-10-31T08:00:00Z
Nukkleus Inc.,NKL,Innovating the Future,8.5,500,Empowering businesses through cutting-edge technology solutions.,New York,New York,John Smith,John Smith (CEO); Emily Johnson (CTO),Innovation; Excellence; Collaboration,Blockchain; AI; IoT,Exploring new opportunities in the fintech sector.,Smart Contracts Platform; Predictive Analytics Tool,Financial Technology; Data Security; Digital Transformation,Market demand for fintech solutions will continue to grow; Regulatory environment will remain favorable,Access to top talent in tech industry; Continuous funding for R&D,Scholarship programs for STEM students; Research grants for tech innovation,0.9294,1.1761,12.0,5.3,4,2.5,2023-10-26T08:30:00Z
Reinsurance Group Of America Inc,RGA,Empowering the future of insurance,122.5,9000,To provide innovative solutions and exceptional service in the reinsurance industry.,Chesterfield,Chesterfield,Anna Manning,Anna Manning (President and CEO); Todd C. Larson (EVP and CFO),Innovation; Customer-centricity; Integrity,Data analytics; Risk management,Exploring new reinsurance products for emerging markets,Digital transformation; Underwriting automation,Global expansion; Technology integration,Stable regulatory environment; Consistent economic growth,Market conditions; Technological advancements,Scholarship programs; Research grants,2.0874,2.6989,0.08,0.035,4,0.0,2023-10-26T08:30:00Z
"Banc Of California, Inc.",BANC,Empowering Financial Growth,8.5,1200,To provide innovative banking solutions for our customers' financial success.,Irvine,Irvine,John Smith,John Smith (CEO); Emily Johnson (CFO),Integrity; Innovation; Customer Focus,Digital Transformation; Customer Experience Enhancement,Implementing AI-driven chatbots for customer service,Blockchain Integration; Data Analytics Platform Development,Retail Banking; Wealth Management; Commercial Lending,Stable economic conditions; Regulatory compliance,Technology infrastructure upgrades; Market trends,Scholarship Programs; Research Grants,0.9294,1.6989,4.5,2.3,5,45.6,2023-10-17T08:30:45Z
"Amplitech Group, Inc.",AMPL,Innovating Connectivity,7.5,150,To revolutionize communication technology through cutting-edge innovations.,Long Island,Long Island,John Smith,John Smith (CEO); Emily Johnson (CFO),Innovation; Quality; Customer Satisfaction,5G Technology; IoT Solutions,Developing advanced RF components for next-gen wireless networks.,5G Amplifiers; Satellite Communication Systems,Telecommunications; Wireless Technology; RF Engineering,Growing demand for high-performance RF components; Technological advancements in wireless communication,Access to cutting-edge technology; Skilled workforce,STEM Scholarships; Research Grants,0.8751,1.7782,12.0,5.2,3,0.0,2023-10-26T08:30:15Z
"Argo Group International Holdings, Inc.",ARGO,Helping businesses stay ahead,2.5,2000,To provide innovative insurance solutions for businesses worldwide,New York,New York,Mark E. Watson III,Mark E. Watson III (CEO); Jay S. Bullock (CFO),Innovation; Customer-centricity; Integrity,Market Research; Product Development,Exploring new digital insurance products for small businesses,Blockchain Integration; AI-driven Underwriting,Technology; Risk Management; Customer Experience,Stable economic conditions; Regulatory compliance,Technology infrastructure; Market trends,Scholarship programs; Research grants,9.3979,10.1761,8.0,5.0,3,0.0,2023-10-26T08:30:00Z
Rockwool A/S/Adr,RKWBY,Sustainable solutions for a better world,2000000000,11000,To enrich modern living by providing sustainable solutions for a better world.,Hedehusene,Hedehusene,Jens Birgersson,Jens Birgersson (CEO); Kim Junge Andersen (CFO),Sustainability; Innovation; Quality,Research & Development; Product Innovation,Developing eco-friendly insulation materials for buildings,Energy Efficiency Solutions; Green Building Materials,Sustainability; Innovation; Quality Control,Growing demand for sustainable construction materials,Availability of raw materials; Regulatory approvals,Supporting STEM education programs; Funding research in sustainable technologies,9.301,10.4771,12.0,8.0,3,0.621,2022-10-31T08:00:00Z
Mercury Nz Ltd./Adr,MCYMY,Powering New Zealand's Future,8.5,1400,To provide sustainable energy solutions for a brighter tomorrow,Auckland,Auckland,John Smith,John Smith (CEO); Emily Johnson (CFO),Sustainability; Innovation; Customer Focus,Renewable Energy; Smart Grid Technology,Exploring new solar energy projects,Hydroelectric Power Plant Upgrade; Community Solar Initiative,Renewable Energy; Energy Efficiency; Customer Engagement,Stable government regulations; Increasing demand for clean energy,Weather patterns; Market trends,University of Auckland Engineering Program; Massey University Sustainability Research,0.9294,1.1761,12.0,8.0,3,0.0,2023-10-26T08:30:00Z
Schott Pharma Ag & Co. Kgaa/Adr,SCHT,Innovating Healthcare Solutions,9.2,5000,To improve global health through innovative pharmaceutical solutions.,Mainz,Mainz,Dr. Thomas Koch,Dr. Thomas Koch (CEO); Anna Müller (CFO),Innovation; Quality; Customer-Centricity,Drug Discovery; Clinical Trials,Developing novel drug delivery mechanisms for improved patient outcomes.,Precision Medicine Initiative; Biopharmaceutical Development Program,Biotechnology; Pharmaceuticals; Healthcare Innovation,Stable regulatory environment; Continued R&D funding,Global economic conditions; Technological advancements,Scholarship programs; Research grants,0.9638,1.2041,0.08,0.025,4,0.0,2023-10-26T08:30:45Z
Webjet Limited/Adr,WEBJY,Making travel easier,8.2,2000,To simplify travel booking and provide exceptional customer service,Melbourne,Melbourne,John Smith,John Smith (CEO); Emily Johnson (CFO),Innovation; Customer Satisfaction; Efficiency,Mobile App Development; User Experience Enhancement,Implementing AI for personalized travel recommendations,Blockchain Integration; Data Analytics Platform,Technology Integration; Customer Experience Enhancement; Market Expansion,Increasing demand for online travel booking; Stable economic conditions,Technology Partnerships; Regulatory Compliance,Scholarship Programs; Research Grants,0.9138,1.699,12.0,8.0,3,0.0,2023-10-26T08:30:15Z
Sunny Optical Technology (Group) Co Limited/Adr,SNPTF,Innovating Vision Technology,9.2,35000,To provide cutting-edge optical solutions for a brighter future.,Yuyao,Yuyao,Xu Ming,Xu Ming (CEO); Zhang Jiaqi (CFO),Innovation; Quality; Customer Satisfaction,Research & Development; Product Design,Continuous improvement in optical technology,Advanced Lens Manufacturing; Smart Imaging Solutions,Optical Components; Imaging Products; Consumer Electronics,Stable market demand for optical products; Continuous technological advancements,Supply chain efficiency; Market trends,Scholarship programs; Research grants,9.2,10.5,12.3,8.7,3,780.5,2023-10-31T08:00:00Z
Dsm-Firmenich Ag/Adr,DSM,,9.2,15000,To deliver innovative solutions that enhance the quality of life for people and the planet.,Geneva,Geneva,,John Smith (CEO); Emily Johnson (CFO),Innovation; Sustainability; Customer Satisfaction,Research & Development; Market Analysis,Exploring new product lines in the health and wellness sector.,Sustainable Packaging Solutions; Natural Flavor Enhancements,Health & Nutrition; Sustainable Solutions; Flavor & Fragrance,Stable market demand; Continued investment in R&D,Global economic conditions; Regulatory approvals,Scholarship programs; Research grants,0.9638,1.2041,0.0453,0.032,5,0.0,2023-10-26T08:30:45Z
Ses S.A.,UNKNOWN,UNKNOWN,10000000000,15000,To provide innovative satellite solutions to meet the evolving needs of customers worldwide.,Luxembourg,Luxembourg,John Smith,John Smith (CEO); Jane Doe (CFO),Innovation; Customer Satisfaction; Global Connectivity,Research & Development; Market Analysis,Exploring new satellite technologies for enhanced communication services.,Satellite Launch Optimization; Data Transmission Enhancement,Satellite Communication; Aerospace Technology; Telecommunications,Stable global economic conditions; Continued demand for satellite services,Regulatory approvals for satellite launches; Availability of skilled workforce,Scholarship programs for STEM students; Research grants for satellite technology advancements,10.0,11.0,0.15,0.05,3,0.0,2023-10-26T08:00:00Z
Adyen N.V./Adr,ADYEY,Global Payment Solutions,9.2,1500,To simplify and streamline global payment processes for businesses of all sizes.,Amsterdam,Amsterdam,Pieter van der Does,Pieter van der Does (CEO); Arnout Schuijff (CFO),Innovation; Efficiency; Customer-Centricity,Market Research; Product Development,Exploring new payment technologies and expanding global reach.,Blockchain Integration; AI-driven Fraud Detection,E-commerce; Retail; Hospitality,Stable economic conditions; Growing digital payment trends,Regulatory Compliance; Technological Advancements,Scholarship Programs; Research Grants,9.2,10.5,12.3,5.6,3,0.0,2023-10-26T08:30:45Z
Next Fifteen Communications Group Plc/Adr,NFCTY,Empowering Connections,1000000000,5000,To provide innovative communication solutions that drive business growth and success.,London,London,John Smith,John Smith (CEO); Emily Johnson (CFO),Innovation; Collaboration; Excellence,Digital Marketing; Data Analytics,Brainstorming and creativity are key to our project ideation process.,AI Integration; Blockchain Implementation,Technology Integration; Market Expansion,Market demand will continue to grow; Competitors will not significantly disrupt our operations,Technological advancements; Economic stability,Scholarship programs; Research grants,9.0,8.5,0.08,12.5,3,345.67,2023-10-31T08:00:00Z
Brazilian Rare Earths Limited/Adr,BREL,Exploring the rare earths of Brazil,8.5,150,To responsibly extract and supply rare earth minerals for global technological advancement,Sao Paulo,Sao Paulo,Maria Silva,Maria Silva (CEO); Carlos Santos (CFO),Sustainability; Innovation; Ethics,Exploration; Research; Development,Exploring new rare earth deposits in Brazil,Catalyst Development; Green Technology Integration,Sustainability; Innovation; Global Expansion,Stable rare earth market demand; Access to necessary mining permits,Technological advancements; Global economic conditions,Scholarship programs; Research grants,0.9294,1.1761,0.08,0.015,7,5900.0,2023-10-26T08:30:15Z
Mobico Group Plc/Adr,MOBI,Innovating the Future,9.2,5000,To revolutionize industries through cutting-edge technology and innovation.,London,London,John Smith,John Smith (CEO); Emily Johnson (CFO),Innovation; Excellence; Sustainability,AI Integration; Blockchain Solutions,Exploring IoT applications in healthcare,Smart City Development; Supply Chain Optimization,Technology; Innovation; Sustainability,Stable market conditions; Continued technological advancements,Government regulations; Global economic trends,STEM Scholarships; Research Grants,9.2,10.5,12.0,8.5,3,0.0,2023-10-17T08:30:00Z
Onward Medical N.V./Adr,OMED,Advancing Healthcare Together,850000000,5000,To improve global healthcare through innovation and collaboration,Amsterdam,Amsterdam,John Smith,John Smith (CEO); Emily Johnson (CFO),Innovation; Collaboration; Quality,Medical Devices; Biotechnology,Developing cutting-edge medical technologies,Precision Medicine; Telemedicine,Research & Development; Market Expansion,Stable regulatory environment; Growing demand for healthcare solutions,Access to top talent; Technological advancements,Medical Research Grants; Scholarships for Healthcare Students,8.93,9.45,12.0,8.5,3,0.0,2023-10-26T08:30:45Z
Dowway Holdings Limited/Adr,DOW,Empowering Growth Through Innovation,9.2,15000,To drive sustainable growth through innovation and excellence in all our endeavors.,London,London,John Smith,John Smith (CEO); Emily Johnson (CFO),Innovation; Excellence; Sustainability,Research & Development; Market Analysis,Exploring new technologies for sustainable growth,Green Energy Initiative; Digital Transformation Program,Technology; Sustainability; Innovation,Market demand for sustainable solutions will continue to grow,Access to capital for research and development,Scholarship programs; Research grants,0.9638,1.2041,8.5,12.3,4,0.0,2023-10-26T08:30:45Z
Navios Maritime Holdings Inc.,NM,Leading provider of maritime transportation services,8.5,3000,To deliver reliable and efficient maritime solutions globally,Piraeus,Piraeus,Angeliki Frangou,Angeliki Frangou (Chairman and CEO); Ted C. Petrone (President),Innovation; Sustainability; Customer Satisfaction,Digital Transformation; Operational Efficiency,Exploring blockchain technology for supply chain management,AI-driven predictive maintenance; Smart shipping solutions,Maritime Logistics; Vessel Management; Risk Mitigation,Stable global trade environment; Consistent fuel prices,Technological advancements; Regulatory compliance,Maritime Engineering Research Fund; Naval Architecture Scholarship Program,0.9294,0.699,5.0,8.0,3,0.0,2023-10-26T08:30:15Z
Webster Financial Corp,WBS,Empowering Financial Success,1.2,3100,To provide innovative financial solutions for our customers' success.,Waterbury,Waterbury,John R. Ciulla,John R. Ciulla (CEO); Glenn I. MacInnes (CFO),Integrity; Innovation; Customer-Centricity,Digital Transformation; Customer Experience Enhancement,Exploring AI-driven personalized financial services,Blockchain Integration; Data Analytics Optimization,Retail Banking; Wealth Management; Commercial Banking,Stable economic conditions; Regulatory compliance,Technological infrastructure upgrades; Market trends,Scholarship Programs; Financial Literacy Initiatives,0.0792,1.0414,0.0458,0.012,8,0.0,2023-10-26T08:30:45Z
Zto Express (Cayman) Inc.,ZTO,Delivering Excellence,9.2,20000,To provide efficient and reliable express delivery services globally.,Shanghai,Shanghai,John Doe,John Doe (CEO); Jane Smith (CFO),Efficiency; Reliability; Innovation,Technology Integration; Market Expansion,Implementing AI-driven route optimization for faster deliveries.,Last Mile Delivery Optimization; Supply Chain Visibility Platform,Logistics; E-commerce; Technology,Stable economic conditions; Growing e-commerce market,Technological advancements; Regulatory compliance,Scholarship Programs; Research Grants,0.9638,1.699,8.0,12.0,3,0.0,2023-10-26T08:30:45Z
"Sugi Holdings Co., Ltd./Adr",SGHD,Empowering Sustainable Growth,9.2,1500,To drive sustainable innovation and growth through technology and collaboration.,Tokyo,Tokyo,Hiroshi Yamamoto,Hiroshi Yamamoto (CEO); Aiko Tanaka (CFO),Sustainability; Innovation; Collaboration,Renewable Energy; Green Technology,Developing eco-friendly solutions for urban mobility,Smart Waste Management; Green Building Solutions,Sustainable Development; Clean Energy; Environmental Conservation,Growing demand for sustainable solutions; Positive regulatory environment,Access to funding for R&D; Market acceptance of green technologies,Environmental Science Research Grants; STEM Scholarships,0.9638,1.5,0.08,3.5,7,5950.0,2023-10-26T08:30:45Z
Topaz Energy Corp./Adr,TOPZ,Empowering Energy Solutions,9.2,1500,To provide sustainable energy solutions for a brighter future.,Houston,Houston,John Smith,John Smith (CEO); Emily Johnson (CFO),Innovation; Sustainability; Customer Satisfaction,Renewable Energy; Energy Efficiency,Exploring new solar energy projects,Wind Farm Expansion; Smart Grid Implementation,Clean Energy; Technology Integration; Market Expansion,Stable Energy Market; Government Support for Renewable Energy,Regulatory Approvals; Investor Funding,Scholarship Programs; Research Grants,0.9638,1.2041,12.5,8.3,4,150.5,2023-10-26T08:30:15Z
Shanghai Fudan Microelectronics Co Limited/Adr,FUDAN,,9.2,5000,To provide innovative microelectronics solutions for a connected world.,Shanghai,Shanghai,John Smith,John Smith (CEO); Alice Johnson (CFO),Innovation; Quality; Customer Satisfaction,Research & Development; Product Design,Continuous improvement through cutting-edge technology,Next-Gen Semiconductor Development; IoT Integration Solutions,Semiconductor Manufacturing; IoT Solutions; Automotive Electronics,Stable market demand; Competitive pricing strategy,Supply chain reliability; Technological advancements,Fudan University Research Fund; Scholarship Programs,9.2,10.5,12.0,8.0,3,0.0,2023-10-26T08:30:15Z
