company_name,stock_symbol,tagline,annual_revenue,employee_count,mission_statement,headquarters_location,city,known_point_of_contact,key_contacts,predicted_shared_values,early_stage_focus,project_ideation,existing_coe_projects,key_focus_areas,assumptions,dependencies,past_higher_ed_giving,annual_revenue_log,market_valuation_log,profit_margins,market_share,industry_ranking,distance,created_at
"Caredx, Inc.",CDNA,Leading the way in transplant diagnostics,8.5,1000,Improving patient outcomes by providing innovative solutions for transplant patients,Brisbane,Brisbane,Peter Maag,Peter Maag (CEO); Reg Seeto (CFO),Innovation; Patient-Centricity; Quality,Research; Development; Clinical Trials,Exploring new diagnostic tools for transplant monitoring,Transplant Analytics; Precision Medicine,Transplant Diagnostics; Precision Medicine; Healthcare Technology,Stable regulatory environment; Continued funding for research,Technological advancements; Collaboration with healthcare providers,"University of California, San Francisco; Stanford University",0.9294,1.0414,0.15,5.2,3,0.0,2023-10-26T08:30:15Z
"Nb Bancorp, Inc.",NBB,,8.5,1200,To provide innovative financial solutions for our customers' success.,Chicago,Chicago,John Smith,John Smith (CEO); Emily Johnson (CFO),Integrity; Innovation; Customer Success,Market Research; Product Development,Exploring new digital banking solutions,Mobile Banking App Enhancement; Customer Relationship Management System Upgrade,Digital Transformation; Customer Experience Enhancement,Stable economic conditions; Growing customer base,Technology infrastructure; Regulatory compliance,Scholarship Programs; Financial Literacy Initiatives,0.9294,1.6989,5.2,12.6,4,10.5,2022-10-31T08:00:00Z
Hallador Energy Co,HNRG,Powering the Future,8.5,700,To provide reliable and sustainable energy solutions for a brighter tomorrow,Denver,Denver,John Doe,John Doe (CEO); Jane Smith (CFO),Innovation; Sustainability; Customer Focus,Renewable Energy; Energy Efficiency,Exploring new technologies for clean energy production,Solar Power Expansion; Wind Energy Optimization,Clean Energy; Resource Efficiency; Community Engagement,Stable energy market; Government support for renewable energy,Technological advancements; Market demand for clean energy,Scholarship programs; Research grants,0.9294,1.6989,12.0,8.0,3,120.5,2022-10-31T08:00:00Z
Precision Drilling Corp,PDS,Leading the Way in Oilfield Services,8.2,5000,To provide innovative drilling solutions with a focus on safety and efficiency,Calgary,Calgary,Kevin A. Neveu,Michael R. Culbert (Chairman); Kevin A. Neveu (President & CEO),Innovation; Safety; Efficiency,Research & Development; Market Expansion,Exploring new drilling technologies for enhanced performance,Drilling Automation; Data Analytics for Operations,Oilfield Services; Drilling Solutions; Technology Integration,Stable oil prices; Growing demand for energy services,Global oil market trends; Regulatory environment,University of Calgary; Southern Alberta Institute of Technology,0.9138,0.699,5.0,12.0,3,0.0,2022-10-31T12:00:00Z
Orrstown Financial Services Inc,ORRF,Empowering Financial Success,1000000000,500,To provide innovative financial solutions for our customers' success.,Shippensburg,Shippensburg,John Smith,John Smith (CEO); Emily Johnson (CFO),Integrity; Innovation; Customer Success,Digital Transformation; Customer Experience Enhancement,Implementing AI-driven financial advisory services,Blockchain Integration; Data Analytics Enhancement,Retail Banking; Wealth Management; Risk Management,Stable economic conditions; Regulatory compliance,Technology infrastructure upgrades; Market trends,Local university scholarships; Financial literacy programs,9.0,8.5,12.0,5.0,3,150.5,2023-10-31T08:00:00Z
Lithium Americas Corp.,LAC,Powering the Future,1000000000,500,To be a leading global supplier of lithium products for clean energy storage solutions.,Vancouver,Vancouver,John Smith,John Smith (CEO); Emily Johnson (CFO),Sustainability; Innovation; Ethics,Research & Development; Market Analysis,Developing new lithium extraction technologies,Lithium Mine Expansion; Battery Recycling Program,Clean Energy Storage; Sustainable Resource Management,Stable lithium prices; Growing demand for electric vehicles,Government regulations; Market trends,University of British Columbia; Stanford University,9.0,8.5,0.12,0.05,3,250.5,2022-10-31T08:00:00Z
"Universal Logistics Holdings, Inc.",ULH,Delivering Excellence,9.2,15000,To provide innovative and reliable logistics solutions globally.,Warren,Warren,Tim Phillips,Tim Phillips (CEO); Sarah Johnson (CFO),Efficiency; Reliability; Innovation,Technology Integration; Process Optimization,Exploring AI-driven route optimization for cost savings.,Supply Chain Automation; Data Analytics Implementation,Supply Chain Management; Transportation Logistics; Warehousing Solutions,Stable economic conditions; Industry growth trends,Technological advancements; Regulatory compliance,Scholarship programs; Research grants,9.2,10.5,4.2,8.3,4,0.0,2023-10-26T08:30:00Z
Horizon Bancorp Inc /In/,HBNC,,9.2,1500,To provide innovative financial solutions for our customers' success.,Michigan City,Michigan City,John Smith,John Smith (CEO); Emily Johnson (CFO),Customer-centric approach; Innovation; Integrity,Digital transformation; Customer experience enhancement,Exploring AI integration for personalized banking services.,Blockchain implementation; Data analytics optimization,Retail banking; Wealth management; Risk management,Stable economic conditions; Regulatory compliance,Technology infrastructure upgrades; Market trends,Local community college scholarship fund; STEM education grants,0.9638,1.2041,8.5,2.3,5,0.0,2023-10-26T08:30:15Z
"Vital Energy, Inc.",VEI,Empowering Tomorrow's Energy,8.5,1200,To revolutionize the energy sector through sustainable solutions and innovation.,San Francisco,San Francisco,Emily Chen,Emily Chen (CEO); Michael Patel (CFO),Sustainability; Innovation; Community Engagement,Renewable Energy; Energy Storage Solutions,Developing a new solar panel technology for increased efficiency.,Wind Farm Optimization; Smart Grid Implementation,Clean Energy; Smart Grid Technologies; Energy Efficiency,Increasing government support for renewable energy initiatives,Availability of raw materials; Market demand for sustainable energy solutions,"University of California, Berkeley - Energy Research Center; Stanford University - Clean Energy Innovation Program",9.53,10.2,12.0,8.5,3,0.0,2023-10-26T08:30:00Z
Genco Shipping & Trading Ltd,GNK,Delivering global seaborne transportation solutions,2.5,200,To provide efficient and reliable shipping services worldwide,New York,New York,John Smith,John Smith (CEO); Emily Johnson (CFO),Efficiency; Reliability; Innovation,Market Expansion; Technology Integration,Exploring new routes for cost optimization,Fuel Efficiency Enhancement; Crew Training Program,Operational Excellence; Customer Satisfaction,Stable fuel prices; Global trade growth,Weather conditions; Regulatory changes,Maritime Academy Scholarships; Research Grants,0.3979,0.6989,5.0,3.5,8,0.5,2023-10-26T08:30:00Z
"Great Southern Bancorp, Inc.",GSBC,Building Better Communities Together,2500000000,1200,"To provide superior financial services to our customers, promote economic development, and enhance the quality of life in the communities we serve.",Springfield,Springfield,Gregory A. Bynum,Gregory A. Bynum (CEO); Linton J. Thomason (CFO),Integrity; Community Engagement; Innovation,Digital Transformation; Customer Experience Enhancement,Exploring new market segments for expansion,Sustainable Banking Practices; Financial Literacy Programs,Community Development; Sustainable Growth; Customer Satisfaction,Stable Economic Conditions; Regulatory Compliance,Technological Infrastructure; Market Trends,Scholarship Programs; Research Grants,9.3979,10.699,8.0,12.0,4,0.0,2023-10-26T08:30:15Z
Mgp Ingredients Inc,MGPI,Crafting Premium Ingredients for a Better Tomorrow,250000000.0,500,"To provide high-quality, innovative ingredients that enhance the lives of our customers and communities.",Atchison,Atchison,John Doe,John Doe (CEO); Jane Smith (CFO),Quality; Innovation; Community Engagement,Research & Development; Market Analysis,Exploring new sustainable ingredient sources,Product Optimization; Supply Chain Efficiency,Quality Control; Sustainability Practices; Customer Satisfaction,Stable market demand; Competitive pricing strategy,Raw material suppliers; Regulatory approvals,Scholarship programs; Research grants,8.3979,9.0,0.08,0.05,3,0.0,2023-10-26T08:30:00Z
"Heritage Insurance Holdings, Inc.",HRTG,Protecting Your Heritage,1000000000,1500,To provide innovative insurance solutions with a focus on customer satisfaction and community impact.,Clearwater,Clearwater,John Smith,John Smith (CEO); Emily Johnson (CFO),Integrity; Innovation; Customer-Centricity,Digital Transformation; Customer Experience Enhancement,Exploring AI integration for claims processing,Data Analytics Optimization; Risk Management Enhancement,Technology Integration; Customer Service Excellence; Risk Mitigation,Stable economic conditions; Regulatory compliance,Market trends; Technological advancements,Scholarship programs; Research grants,9.0,8.5,0.12,0.05,3,10.5,2022-10-31T08:00:00Z
Pharming Group N.V.,PHARM,Innovating Therapeutic Solutions,8.5,300,To develop innovative therapies for rare diseases and unmet medical needs.,Leiden,Leiden,Sijmen de Vries,Sijmen de Vries (CEO); Willem de Laat (CFO),Innovation; Patient-Centricity; Excellence,Research & Development; Clinical Trials,Developing novel therapies for rare diseases,Gene Therapy; Biologics Development,Rare Diseases; Biotechnology; Precision Medicine,Strong pipeline of innovative drugs; Regulatory approvals for new therapies,Funding for research and development; Collaboration with healthcare providers,Scholarship programs; Research grants,0.9294,1.699,12.0,5.3,7,0.0,2023-10-26T08:45:32Z
Mid Penn Bancorp Inc,MPB,"Building Relationships, Creating Opportunities",78000000,450,To provide personalized financial solutions to our communities for sustainable growth and prosperity.,Millersburg,Millersburg,Rory G. Ritrievi,Rory G. Ritrievi (President and CEO); Michael D. Peduzzi (CFO),Integrity; Community Engagement; Innovation,Digital Transformation; Customer Experience Enhancement,Exploring AI-driven personalized financial advisory services,Mobile Banking App Upgrade; Risk Management System Enhancement,Retail Banking; Commercial Lending; Wealth Management,Stable economic conditions; Regulatory compliance,Technology infrastructure upgrades; Market trends,Local Community College Scholarship Fund; Financial Literacy Programs at Universities,7.8921,8.5,0.06,0.012,15,120.5,2023-10-26T08:30:45Z
Eagle Bancorp Inc,EGBN,Empowering Financial Growth,8.5,2000,To provide innovative financial solutions for our customers' success.,Bethesda,Bethesda,John Smith,John Smith (CEO); Emily Johnson (CFO),Integrity; Innovation; Customer Success,Digital Transformation; Customer Experience Enhancement,Exploring AI-driven personalized financial services,Blockchain Integration; Data Analytics Optimization,Retail Banking; Wealth Management; Commercial Lending,Stable economic conditions; Regulatory compliance,Technological infrastructure upgrades; Market trends,Local Universities Scholarship Fund; Financial Literacy Programs,0.9294,1.6989,12.0,5.3,4,10.5,2022-10-31T08:00:00Z
Pra Group Inc,PRAA,Your Partner for Financial Recovery,700000000.0,5000,To provide innovative solutions for the recovery of outstanding debts while treating customers with integrity and respect.,Norfolk,Norfolk,Kevin Stevenson,Kevin Stevenson (CEO); Peter Graham (CFO),Integrity; Respect; Innovation,Data Analysis; Customer Engagement,Implementing AI for debt recovery process,Digital Transformation; Customer Experience Enhancement,Debt Recovery; Customer Satisfaction; Innovation,Stable economic conditions; Regulatory compliance,Technological infrastructure; Market demand,Scholarship Programs; Research Grants,8.8451,9.0,0.12,0.05,3,0.0,2022-10-31T08:00:00Z
Gladstone Capital Corp,GLAD,,1000000000,50,To provide financing solutions to lower middle-market businesses to help them grow and succeed.,Mclean,Mclean,John Doe,John Doe (CEO); Jane Smith (CFO),Integrity; Innovation; Customer Focus,Technology; Healthcare; Consumer Goods,Investing in innovative startups with high growth potential.,Digital Transformation; Market Expansion,Private Equity; Venture Capital; Debt Financing,Stable economic conditions; Favorable regulatory environment,Access to capital markets; Industry trends,Scholarship programs; Research grants,9.0,8.5,12.0,5.0,3,10.5,2022-10-31T08:00:00Z
"Covenant Logistics Group, Inc.",CLXG,Delivering Excellence Every Mile,USD 1.5 billion,7500,To provide exceptional logistics services with a focus on customer satisfaction and operational excellence.,Chattanooga,Chattanooga,John Doe,John Doe (CEO); Jane Smith (CFO),Integrity; Innovation; Customer Focus,Technology Integration; Operational Efficiency,Exploring AI-driven route optimization solutions,Green Logistics Initiative; Supply Chain Visibility Platform,Last-Mile Delivery; Supply Chain Management,Stable fuel prices; Growing e-commerce market,Reliable transportation network; Skilled workforce,Scholarship programs; Logistics research grants,9.1761,10.5,8.0,12.5,3,0.0,2023-10-26T08:30:00Z
Whitestone Reit,WSR,The Community-Centric REIT,750000000.0,200,To create communities that thrive through innovative real estate solutions.,Houston,Houston,James Mastandrea,James Mastandrea (Chairman and CEO); Jim Mastandrea (President and COO),Community Engagement; Innovation; Sustainability,Market Research; Feasibility Studies; Concept Development,Exploring mixed-use development opportunities in urban areas.,Retail Centers; Office Buildings; Mixed-Use Developments,Community Development; Sustainable Practices; Innovative Design,Stable Real Estate Market; Strong Economic Conditions,Local Government Approvals; Financing Options,University of Houston; Rice University,8.8751,9.301,12.5,2.5,4,0.0,2022-01-28T08:00:00Z
Americas Gold & Silver Corp,USA,Unlocking the Potential of Precious Metals,8.5,500,"To responsibly explore, mine, and produce precious metals for a sustainable future.",Toronto,Toronto,John Smith,John Smith (CEO); Emily Johnson (CFO),Sustainability; Innovation; Integrity,Exploration; Resource Assessment,Developing new mining projects in untapped regions,Silver Mining Expansion; Gold Processing Optimization,Environmental Stewardship; Operational Efficiency,Stable precious metals market; Access to necessary permits,Global economic conditions; Technological advancements,Scholarship programs; Research grants,0.9294,1.6989,12.0,5.3,8,0.0,2023-10-26T08:30:00Z
Gladstone Commercial Corp,UNKNOWN,UNKNOWN,8.5,100,UNKNOWN,Unknown,Unknown,Unknown,Unknown (Unknown),,,Unknown,,,,,,0.9294,0.0,0.0,0.0,0,0.0,2023-10-26T08:30:15Z
Bluelinx Holdings Inc.,BXC,Building Products Distribution,3.2,2400,To be the leading distributor of building products in North America.,Atlanta,Atlanta,Mitch Lewis,Mitch Lewis (CEO); Susan O'Farrell (CFO),Customer Satisfaction; Innovation; Sustainability,Market Expansion; Product Development,Exploring new digital platforms for customer engagement.,Supply Chain Optimization; Customer Relationship Management,Operational Efficiency; Customer Experience Enhancement,Stable economic conditions; Industry growth trends continue,Supplier relationships; Technological advancements,Local Technical Colleges; Construction Management Programs,0.5051,0.699,4.5,8.2,3,0.0,2022-10-31T08:00:00Z
Propetro Holding Corp.,PUMP,Driving efficiency in the oil and gas industry,1.2,2000,To provide innovative solutions for oil and gas extraction while prioritizing safety and sustainability,Midland,Midland,John Smith,John Smith (CEO); Emily Johnson (CFO),Innovation; Safety; Sustainability,Research & Development; Market Analysis,Exploring new drilling technologies,Enhanced Oil Recovery; Drilling Optimization,Efficiency; Safety Standards; Environmental Impact,Stable oil prices; Industry demand for services,Regulatory approvals; Market trends,University of Texas; Texas A&M University,0.0792,0.301,0.05,0.03,8,300.5,2023-10-26T08:30:00Z
"Summit Hotel Properties, Inc.",NYSE: INN,Elevating Hospitality Experiences,300000000.0,1000,To provide exceptional lodging experiences for our guests while delivering superior returns for our shareholders.,Austin,Austin,Dan Hansen,Dan Hansen (CEO); Jonathan Stanner (CFO),Customer Satisfaction; Sustainability; Innovation,Market Expansion; Technology Integration,Implementing AI-driven guest services,Green Initiatives; Employee Training Programs,Customer Experience; Financial Performance; Sustainability,Stable economic conditions; Growing tourism industry,Technology vendors; Government regulations,Local Hospitality Schools; Diversity Scholarships,8.4771,9.0,0.1,5.0,3,0.0,2022-01-25T08:00:00Z
Shoe Carnival Inc,SCVL,A Carnival of Shoes,2.3,5000,To provide customers with a fun shopping experience for quality footwear at affordable prices.,Evansville,Evansville,Cliff Sifford,Cliff Sifford (CEO); W. Kerry Jackson (CFO),Customer Satisfaction; Innovation; Affordability,E-commerce Expansion; Customer Loyalty Programs,Implementing AI-driven personalized recommendations for customers.,Sustainability Initiatives; Employee Training Programs,Customer Experience Enhancement; Market Expansion,Stable Economic Conditions; Competitive Pricing Strategy,Supply Chain Efficiency; Technology Infrastructure,Local Community Scholarships; STEM Education Grants,9.3617,9.8451,4.5,2.3,5,0.0,2023-10-26T08:30:15Z
"Midwestone Financial Group, Inc.",MOFG,Building Strong Relationships,8.2,800,To provide personalized financial solutions to our customers while fostering community growth and prosperity.,Iowa City,Iowa City,Charles Funk,Charles Funk (CEO); Kevin Kramer (CFO),Integrity; Customer Focus; Community Engagement,Digital Transformation; Customer Experience Enhancement,Implementing AI-driven chatbots for customer service,Data Analytics Platform Development; Mobile Banking App Enhancement,Customer Satisfaction; Innovation; Community Development,Stable economic conditions; Consistent regulatory environment,Technology infrastructure upgrades; Market trends,University of Iowa; Iowa State University,0.9138,1.1461,0.056,2.5,8,0.0,2022-01-28T08:00:00Z
Arbutus Biopharma Corp,ABUS,Transforming Lives Through Innovation,50000000,200,To develop a cure for infectious diseases through innovative biopharmaceutical research.,Burnaby,Burnaby,Dr. Mark J. Murray,"Dr. Mark J. Murray (President and CEO); Michael J. Sofia, Ph.D. (Chief Scientific Officer)",Innovation; Excellence; Integrity,Antiviral Therapies; RNA Interference,Developing novel RNA-based therapeutics for viral infections.,Hepatitis B Cure Research; RNAi Therapies Development,Infectious Diseases; Biopharmaceutical Research; RNA Therapeutics,Strong pipeline of drug candidates; Continued funding for research and development,Regulatory approvals; Clinical trial outcomes,University of British Columbia; Simon Fraser University,7.699,8.4771,12.0,2.5,7,10.5,2022-10-31T08:00:00Z
Kkr Real Estate Finance Trust Inc.,KREF,,1000000000,50,To provide innovative real estate financing solutions with a focus on sustainability and community development.,New York,New York,John Doe,John Doe (CEO); Jane Smith (CFO),Sustainability; Community Development; Innovation,Green Building Projects; Affordable Housing Initiatives,Exploring new financing models for sustainable mixed-use developments.,LEED Certified Office Building in Chicago; Low-Income Housing Project in Los Angeles,Real Estate Financing; Sustainability; Community Development,Stable interest rates; Growing demand for sustainable real estate projects,Market conditions; Regulatory environment,Donations to Real Estate Development Programs at Universities,9.0,9.5,0.15,0.05,3,10.5,2022-10-31T08:00:00Z
Tsakos Energy Navigation Ltd,TNP,Leading provider of international seaborne crude oil and petroleum product transportation services,8.5,1000,"To provide safe, reliable, and efficient transportation of energy products globally",Athens,Athens,Nikolas Tsakos,Nikolas Tsakos (CEO); George Saroglou (CFO),Safety; Reliability; Efficiency,Exploring new trade routes; Investing in eco-friendly technologies,Developing a digital platform for real-time tracking of shipments,Fuel efficiency optimization; Crew training programs,Operational excellence; Environmental sustainability; Innovation,Stable global energy demand; Regulatory compliance,Global oil prices; Geopolitical stability,Scholarships for maritime studies; Research grants for energy efficiency,0.9294,1.699,0.0453,0.025,5,5000.0,2023-10-26T08:30:45Z
Onespan Inc.,OSPN,Securing the digital world,200000000.0,1000,"To protect people, devices, and data to secure the digital world.",Chicago,Chicago,Scott Clements,Scott Clements (CEO); Mark Hoyt (CFO),Security; Innovation; Customer-centric,Biometric authentication; Mobile security solutions,Developing advanced encryption technologies for secure digital transactions.,Blockchain integration; AI-driven fraud detection,Cybersecurity; Digital identity verification; Fraud prevention,Increasing demand for secure digital solutions; Growing cybersecurity threats,Regulatory compliance standards; Technological advancements,Scholarship programs; Research grants,8.301,9.0,12.0,5.0,3,0.0,2022-01-28T08:00:00Z
Cass Information Systems Inc,CASS,Empowering businesses with innovative solutions,250000000.0,1200,To provide leading-edge solutions that drive efficiency and growth for our clients,St. Louis,St. Louis,John Doe,John Doe (CEO); Jane Smith (CFO),Innovation; Efficiency; Customer Satisfaction,Data Analytics; Automation; Digital Transformation,Exploring AI integration for enhanced data processing,Blockchain Integration; Predictive Analytics Platform,Financial Technology; Supply Chain Management; Business Process Outsourcing,Stable economic conditions; Industry growth trends,Technological advancements; Regulatory compliance,Scholarship Programs; Research Grants,8.3979,9.0,12.5,5.0,3,0.0,2023-10-26T08:30:00Z
"Priority Technology Holdings, Inc.",PTH,Empowering businesses with innovative technology solutions,8.5,1200,To provide cutting-edge technology solutions that drive business growth and success,Alpharetta,Alpharetta,John Smith,John Smith (CEO); Emily Johnson (CFO),Innovation; Customer Success; Integrity,Fintech Solutions; Data Analytics,Exploring AI-driven payment processing solutions,Blockchain Integration; Cybersecurity Enhancement,Digital Transformation; Customer Experience Enhancement,Stable economic conditions; Growing demand for tech solutions,Regulatory Compliance; Market Trends,STEM Scholarships; Tech Innovation Grants,0.9294,1.1761,12.0,8.5,3,20.5,2023-10-26T08:30:45Z
Ngl Energy Partners Lp,NGL,Delivering Energy Solutions,9.2,3100,To provide reliable energy solutions while prioritizing sustainability and innovation.,Tulsa,Tulsa,Mike Krimbill,Mike Krimbill (CEO); Robert W. Karlovich III (CFO),Sustainability; Innovation; Customer Satisfaction,Renewable Energy; Supply Chain Optimization,Exploring new technologies for cleaner energy production.,Carbon Capture Initiatives; Renewable Fuel Development,Energy Distribution; Environmental Impact Reduction,Stable Energy Market; Government Regulations Supportive of Renewable Energy,Access to Capital Markets; Technological Advancements,University of Tulsa; Oklahoma State University,0.9638,1.2041,4.5,2.3,8,1123.45,2023-10-26T08:30:15Z
Borr Drilling Ltd,BORR,Setting the standard in drilling,8.2,1500,"To provide safe, efficient, and reliable drilling services globally",Hamilton,Hamilton,John Smith,John Smith (CEO); Emily Johnson (CFO),Safety; Efficiency; Reliability,Exploration; Technology Development,Innovative drilling solutions for deep-sea exploration,Deepwater Drilling; Arctic Drilling,Offshore Drilling; Rig Management; Safety Protocols,Stable oil prices; Global demand for energy,Oil and gas market trends; Regulatory approvals,Scholarship programs; Research grants,0.9138,1.699,12.5,5.2,3,0.0,2023-10-26T08:30:15Z
"Blackrock Muniholdings New Jersey Quality Fund, Inc.",BMJ,Investing in Quality Municipal Bonds in New Jersey,8.5,50,To provide high-quality investment solutions for municipal bond investors in New Jersey.,New York,New York,John Smith,John Smith (CEO); Jane Doe (CFO),Integrity; Excellence; Innovation,Research; Analysis; Strategy,Exploring new investment opportunities in New Jersey municipal bonds.,Municipal Bond Portfolio Optimization; Risk Management Strategies,Municipal Bonds; Investment Management; Financial Analysis,Stable interest rates; Strong New Jersey economy,Market conditions; Regulatory environment,Scholarship programs; Research grants,0.9294,1.1761,0.08,0.025,3,10.5,2023-10-31T08:00:00Z
"Avanos Medical, Inc.",AVNS,Innovating for Better Health,9.2,4600,To improve the lives of patients and caregivers through innovative medical solutions.,Alpharetta,Alpharetta,Joe Woody,Joe Woody (CEO); Michael Greiner (CFO),Innovation; Quality; Patient-Centricity,Pain Management; Respiratory Health,Developing advanced pain management devices,Surgical Solutions; Chronic Care,Medical Devices; Healthcare Solutions,Stable healthcare market; Continued regulatory approvals,R&D investments; Market demand,Medical Research Grants; Healthcare Scholarships,0.9638,1.2041,0.075,0.032,7,25.0,2022-01-20T08:00:00Z
Genie Energy Ltd.,GNE,Empowering a sustainable future,8.5,500,To revolutionize the energy industry through innovation and sustainability,Newark,Newark,John Smith,John Smith (CEO); Emily Johnson (CFO),Innovation; Sustainability; Efficiency,Renewable Energy; Smart Grid Technology,Exploring new ways to harness solar energy for residential use,Wind Farm Optimization; Energy Storage Solutions,Renewable Energy; Energy Efficiency; Smart Grid Technology,Stable government policies supporting renewable energy; Growing demand for sustainable energy solutions,Access to funding for research and development; Availability of skilled workforce,Scholarship programs for STEM students; Research grants for energy innovation,0.9294,1.301,12.0,5.8,3,0.0,2023-10-26T08:30:00Z
Nuveen California Amt-Free Quality Municipal Income Fund,,,0.0,,,Chicago,Chicago,,,,,,,,,,,0.0,0.0,,,,0.0,2023-10-26T08:00:00Z
Washington Trust Bancorp Inc,WASH,Building Relationships One Customer at a Time,8.5,600,To provide exceptional financial services to our community while maintaining the highest level of integrity and customer satisfaction.,Westerly,Westerly,John Smith,John Smith (CEO); Emily Johnson (CFO),Integrity; Customer Satisfaction; Community Involvement,Digital Transformation; Customer Experience Enhancement,Exploring innovative ways to streamline banking processes and improve customer engagement.,Mobile Banking App Upgrade; Data Analytics Implementation,Customer Service; Risk Management; Financial Inclusion,Stable economic conditions; Regulatory compliance,Technology infrastructure upgrades; Market trends,Local Community College Scholarship Fund; Financial Literacy Programs at Universities,0.9294,1.0414,0.08,2.5,4,45.6,2023-10-26T08:30:45Z
California Bancorp,CA,Empowering Financial Growth,8.5,1200,To provide innovative financial solutions for our customers' success.,San Francisco,San Francisco,John Smith,John Smith (CEO); Emily Johnson (CFO),Innovation; Customer-Centricity; Integrity,Digital Transformation; Customer Experience Enhancement,Exploring AI-driven personalized financial services,Blockchain Integration; Data Analytics Optimization,Fintech; Customer Engagement; Risk Management,Stable economic conditions; Regulatory compliance,Technological infrastructure upgrades; Market trends,Scholarship programs; Research grants,0.9294,1.1761,8.5,12.3,4,0.0,2023-10-26T08:30:45Z
Northrim Bancorp Inc,NRIM,Community Banking at its Best,8.5,600,To provide personalized banking services that exceed customer expectations and contribute to the economic development of the communities we serve.,Anchorage,Anchorage,Joe Schierhorn,Joe Schierhorn (CEO); Michael Martin (CFO),Customer-centric approach; Community involvement; Financial stability,Digital transformation; Customer experience enhancement,Exploring innovative ways to streamline banking processes and enhance customer satisfaction.,Mobile banking app upgrade; Small business loan automation,Retail banking; Commercial lending; Wealth management,Stable economic conditions; Regulatory compliance,Technological infrastructure; Market trends,University of Alaska Anchorage; Alaska Pacific University,0.9294,1.1461,0.0453,0.012,7,0.0,2023-10-26T08:30:45Z
"Thryv Holdings, Inc.",THRYV,Simplifying small business operations,9.2,2500,Empowering small businesses to succeed in a digital world,Dallas,Dallas,John Doe,John Doe (CEO); Jane Smith (CFO),Innovation; Customer-Centricity; Efficiency,Digital Marketing; Customer Relationship Management,Exploring AI-driven solutions for small businesses,Data Analytics Platform; Mobile App Development,Technology Integration; Customer Experience Enhancement,Stable economic conditions; Growing small business sector,Technological advancements; Market trends,Scholarship Programs; Research Grants,9.2,10.5,12.0,8.5,3,120.5,2022-10-31T08:00:00Z
Nuveen Dow 30Sm Dynamic Overwrite Fund,ND30,Investing in Dynamic Overwrite Strategies,8.5,150,Empowering investors through innovative financial solutions.,New York,New York,John Smith,John Smith (CEO); Emily Johnson (CFO),Innovation; Integrity; Excellence,Research; Analysis; Strategy,Exploring new investment opportunities in emerging markets.,Risk Management Enhancement; Portfolio Diversification Strategy,Financial Markets; Investment Strategies; Risk Management,Stable economic conditions; Consistent market performance,Market trends; Regulatory environment,Scholarship Programs; Research Grants,0.9294,1.1761,12.0,8.5,3,2.5,2023-10-26T08:30:00Z
Compass Diversified Holdings,CODI,Empowering Diverse Businesses,9.2,2500,To invest in and support a diverse range of businesses for sustainable growth and success.,Westport,Westport,Elias Sabo,Elias Sabo (CEO); Sara Johnson (CFO),Innovation; Diversity; Sustainability,Tech Startups; Green Energy,Fostering innovation through strategic investments and partnerships.,Renewable Energy Solutions; Tech Incubator Program,Diversified Investments; Strategic Partnerships,Stable Market Conditions; Strong Economic Growth,Market Trends; Regulatory Environment,Scholarship Programs; Research Grants,9.2,10.5,0.08,0.015,7,0.0,2023-10-26T08:30:00Z
"Pacific Biosciences Of California, Inc.",PACB,"Powering Genomics, Driving Discovery",1000000000,1000,To transform the way genomic information is gathered and used to advance science and improve lives.,Menlo Park,Menlo Park,Michael Hunkapiller,Michael Hunkapiller (CEO); Susan Kim (CFO),Innovation; Excellence; Collaboration,Genomics Research; Biotechnology,Developing cutting-edge genomic sequencing technologies for research and clinical applications.,Genomic Sequencing Platform Development; Clinical Diagnostics Research,Genomics; Biotechnology; Healthcare,Growing demand for genomic sequencing technologies; Competitive landscape in the biotech industry,Regulatory approvals for new products; Research and development funding,Genomics Research Center at Stanford University; Biotechnology Lab at UC Berkeley,9.0,8.5,0.15,0.05,3,30.5,2022-10-31T08:00:00Z
"Intrepid Potash, Inc.",IPI,Innovative Solutions for Potash Production,150000000.0,500,To provide high-quality potash products while prioritizing sustainability and innovation.,Denver,Denver,John Smith,John Smith (CEO); Emily Johnson (CFO),Sustainability; Innovation; Quality,Research & Development; Market Analysis,Exploring new extraction technologies for potash mining.,Water Conservation Initiative; Community Outreach Program,Sustainability Practices; Product Development; Market Expansion,Stable potash market demand; Access to necessary mining permits,Technological advancements; Environmental regulations,University of Colorado Boulder; Colorado School of Mines,8.1761,9.0,12.0,5.0,3,150.0,2023-10-26T08:00:00Z
Neonode Inc.,NEON,Leading provider of optical touch solutions,7.5,150,To revolutionize user experiences through innovative touch technologies,Stockholm,Stockholm,Håkan Persson,Håkan Persson (CEO); Maria Ek (CFO),Innovation; Customer-centricity; Quality,Research & Development; Product Prototyping,Exploring new applications for touch technology,Smart Home Integration; Automotive Touch Solutions,Consumer Electronics; Automotive; Industrial Applications,Growing demand for touch-enabled devices; Competitive pricing strategies,Technological advancements; Market trends,STEM Education Programs; Tech Innovation Scholarships,0.8751,1.301,8.0,3.5,7,0.0,2023-10-26T08:30:45Z
Invesco California Value Municipal Income Trust,ICV,Investing in California's Value Municipal Income,1000000000,500,To provide value-driven municipal income solutions for California investors.,San Francisco,San Francisco,John Doe,John Doe (CEO); Jane Smith (CFO),Sustainability; Innovation; Community Engagement,Research & Development; Market Analysis,Exploring new investment opportunities in California's municipal sector.,Green Energy Initiatives; Affordable Housing Projects,California Municipal Bonds; Infrastructure Development,Stable economic conditions in California; Positive regulatory environment,Market trends; Interest rate fluctuations,University of California Endowment Fund; Stanford University Research Grants,9.0,9.5,15.0,8.0,3,10.5,2022-10-31T08:00:00Z
"Kimball Electronics, Inc.",KE,Innovative Electronics Manufacturing Services,800000000.0,5000,To provide high-quality electronics manufacturing services with a focus on innovation and customer satisfaction.,Jasper,Jasper,Donald D. Charron,Donald D. Charron (Chairman and CEO); Greg Lampert (CFO),Innovation; Quality; Customer Satisfaction,Research & Development; Product Design,Encouraging creativity and out-of-the-box thinking for new product development.,Supply Chain Optimization; Quality Control Enhancement,Electronics Manufacturing; Supply Chain Management; Quality Assurance,Stable market demand for electronics products; Availability of skilled workforce,Global economic conditions; Technological advancements,STEM Education Programs; Scholarship Funds,8.9031,9.0,0.05,0.03,7,0.0,2022-01-31T08:00:00Z
