company_name,stock_symbol,tagline,annual_revenue,employee_count,mission_statement,headquarters_location,city,known_point_of_contact,key_contacts,predicted_shared_values,early_stage_focus,project_ideation,existing_coe_projects,key_focus_areas,assumptions,dependencies,past_higher_ed_giving,annual_revenue_log,market_valuation_log,profit_margins,market_share,industry_ranking,distance,created_at
"Commscope Holding Company, Inc.",COMM,Building the future of communication,7.8,30000,To connect and empower the world through innovative communication solutions,Hickory,Hickory,Eddie Edwards,Eddie Edwards (CEO); Alex Pease (CFO),Innovation; Quality; Customer Satisfaction,5G Technology; Internet of Things,Developing cutting-edge solutions for smart cities,Fiber Optic Network Expansion; Wireless Communication Infrastructure,Telecommunications; Network Infrastructure; Connectivity Solutions,Stable economic conditions; Growing demand for high-speed internet,Regulatory approvals; Technological advancements,STEM Scholarships; Research Grants,0.8921,1.0969,8.5,12.3,4,0.0,2023-10-26T08:30:45Z
"Veritex Holdings, Inc.",VRTV,Empowering Your Financial Future,8.5,1200,To provide innovative financial solutions for our clients' success.,Dallas,Dallas,John Smith,John Smith (CEO); Emily Johnson (CFO),Integrity; Innovation; Customer Focus,Digital Transformation; Customer Experience Enhancement,Exploring AI-driven personalized financial services,Blockchain Integration; Data Analytics Optimization,Fintech Solutions; Customer Relationship Management,Stable Economic Conditions; Regulatory Compliance,Technology Infrastructure; Market Trends,Scholarship Programs; Research Grants,0.9294,1.6989,12.5,5.3,7,0.0,2023-10-26T08:30:15Z
Global Partners Lp,GLP,Fueling Growth Worldwide,9.2,5000,To provide energy solutions that drive global progress and sustainability.,Waltham,Waltham,John Smith,John Smith (CEO); Emily Johnson (CFO),Innovation; Sustainability; Global Impact,Renewable Energy; Supply Chain Optimization,Exploring new technologies for cleaner fuel production.,Carbon Emissions Reduction; Community Engagement,Energy Efficiency; Market Expansion; Sustainable Practices,Stable oil prices; Growing demand for renewable energy,Government regulations; Global economic trends,Scholarship Programs; Research Grants,9.2,10.5,8.3,12.6,3,10.5,2023-10-31T08:00:00Z
First Commonwealth Financial Corp /Pa/,FCF,Building Better Lives,800000000.0,2500,Empowering individuals and businesses to achieve financial success through innovative solutions and exceptional service.,Indiana,Indiana,Jane Smith,Jane Smith (CEO); John Doe (CFO),Integrity; Innovation; Customer Focus,Digital Transformation; Customer Experience Enhancement,Exploring AI-driven personalized financial planning tools,Blockchain Integration; Data Analytics Optimization,Technology Innovation; Customer Engagement; Risk Management,Stable economic conditions; Regulatory compliance,Market trends; Technological advancements,Scholarship Programs; Financial Literacy Initiatives,8.9031,9.5,12.5,3.2,5,0.0,2023-10-17T08:30:00Z
"Energizer Holdings, Inc.",ENR,Keep Going,2.5,7100,To power people's lives with innovative and sustainable energy solutions.,St. Louis,St. Louis,Alan Hoskins,Alan Hoskins (CEO); Mark LaVigne (CFO),Innovation; Sustainability; Customer-centricity,Research & Development; Market Analysis,Exploring new battery technologies for renewable energy storage.,Battery Recycling Program; Energy Efficiency Initiative,Battery Technology; Renewable Energy Solutions; Sustainability Practices,Growing demand for eco-friendly energy solutions; Continuous technological advancements in the energy sector,Government regulations on energy efficiency; Market trends in renewable energy,STEM Scholarships; Energy Research Grants,9.3979,10.1761,8.0,12.0,3,0.0,2023-10-26T08:30:00Z
"Donnelley Financial Solutions, Inc.",DFIN,Empowering Confidence,9.2,3000,To provide innovative solutions that empower clients to make confident decisions in complex markets.,Chicago,Chicago,Daniel Leib,Daniel Leib (CEO); Tom Juhase (CFO),Integrity; Innovation; Excellence,Digital Transformation; Data Security,Implementing AI-driven compliance solutions,Blockchain Integration; Predictive Analytics,Regulatory Compliance; Risk Management,Stable market conditions; Continued technological advancements,Client adoption of new technologies; Regulatory environment,Scholarship Programs; Research Grants,0.9638,1.1461,8.5,12.3,4,0.0,2023-10-26T08:30:45Z
"Solaredge Technologies, Inc.",SEDG,Powering the Future,500000000.0,2000,To provide innovative solar energy solutions for a sustainable future.,Herzliya,Herzliya,Guy Sella,Guy Sella (Founder & CEO); Lior Handelsman (VP of Marketing & Product Strategy),Innovation; Sustainability; Efficiency,Research & Development; Market Expansion,Developing advanced solar panel technology for increased efficiency.,SolarEdge Power Optimizer; SolarEdge Inverter,Renewable Energy; Solar Power Solutions,Growing demand for solar energy solutions; Technological advancements in the solar industry,Government regulations on renewable energy; Market competition,Solar Energy Research Grants; Renewable Energy Scholarships,8.699,9.0,12.0,5.0,3,0.0,2023-10-26T08:30:00Z
Seabridge Gold Inc,SA,Creating Wealth Through Responsible Mining,1000000000,200,"To maximize shareholder value by responsibly developing our core assets in a safe, profitable, and environmentally sustainable manner.",Toronto,Toronto,Peter Williams,Peter Williams (CEO); Sarah Johnson (CFO),Sustainability; Innovation; Integrity,Exploration; Feasibility Studies,Exploring new mining opportunities in untapped regions,KSM Project; Iskut Project,Environmental Stewardship; Community Engagement; Operational Excellence,Stable commodity prices; Access to necessary permits,Government regulations; Market demand,Scholarship programs; Research grants,9.0,8.5,15.0,5.0,3,0.0,2022-10-31T12:00:00Z
Danaos Corp,DAC,Leading provider of maritime shipping solutions,9.2,2500,To deliver innovative and reliable shipping services globally,Piraeus,Piraeus,John Smith,John Smith (CEO); Emily Johnson (CFO),Sustainability; Efficiency; Innovation,Digital Transformation; Operational Efficiency,Exploring blockchain technology for supply chain transparency,AI-driven predictive maintenance; Smart vessel routing,Maritime Technology; Logistics Optimization; Environmental Sustainability,Stable global trade growth; Technological advancements in shipping industry,Market demand for shipping services; Regulatory compliance,Maritime Engineering Research Fund; Scholarships for Maritime Studies,9.2,10.5,8.3,12.5,3,0.0,2023-10-26T08:30:45Z
"Helmerich & Payne, Inc.",HP,Innovative Solutions for the Energy Industry,2000000000,9000,To provide innovative drilling solutions to the energy industry while prioritizing safety and sustainability.,Tulsa,Tulsa,John W. Lindsay,John W. Lindsay (CEO); Juan Pablo Tardio (CFO),Innovation; Safety; Sustainability,Research & Development; Market Analysis,Exploring new drilling technologies for enhanced efficiency and environmental impact reduction.,Drilling Automation; Data Analytics for Performance Optimization,Drilling Services; Technology Development; Environmental Stewardship,Stable oil prices; Continued demand for energy services,Regulatory approvals; Market trends,Scholarship programs; Research grants,9.301,10.4771,12.0,8.0,3,1123.45,2022-01-20T08:30:00Z
Golden Ocean Group Ltd,GOGL,Leading international dry bulk shipping company,1.2,900,To provide efficient and reliable dry bulk shipping services globally,Bermuda,Hamilton,Birgitte Ringstad Vartdal,Birgitte Ringstad Vartdal (CEO); Peder Simonsen (CFO),Efficiency; Reliability; Global Reach,Market Analysis; Technology Integration,Exploring new routes for cost optimization,Fuel Efficiency Program; Crew Training Initiative,Operational Excellence; Customer Satisfaction,Stable global trade environment; Consistent fuel prices,Market demand for dry bulk shipping; Regulatory compliance,Maritime Education Scholarships; Research Grants,0.0792,0.301,5.0,8.0,3,655.9,2023-10-26T08:30:15Z
"Par Pacific Holdings, Inc.",PARR,Fueling Possibilities,2.5,1100,"To provide energy solutions in a safe, reliable, and environmentally responsible manner.",Houston,Houston,William Pate,William Pate (CEO); Joseph Israel (CFO),Innovation; Sustainability; Integrity,Renewable Energy; Energy Efficiency,Exploring new biofuel technologies,Solar Energy Integration; Carbon Emissions Reduction,Energy Transition; Environmental Stewardship,Stable oil prices; Government support for renewable energy,Regulatory approvals; Investor funding,University of Houston; Texas A&M University,9.3979,9.699,8.0,2.5,7,150.5,2023-10-26T08:30:45Z
Lakeland Financial Corp,LKFN,Empowering Financial Success,8.5,2000,To provide innovative financial solutions for our clients' success.,Warsaw,Warsaw,John Smith,John Smith (CEO); Emily Johnson (CFO),Integrity; Innovation; Customer Focus,Digital Transformation; Customer Experience Enhancement,Exploring AI-driven personalized financial services,Blockchain Integration; Data Analytics Optimization,Technology Integration; Customer Engagement,Stable economic conditions; Regulatory compliance,Market trends; Technological advancements,Local University Scholarship Fund; Financial Literacy Programs,0.9294,1.6989,5.0,12.0,3,0.0,2022-10-31T08:00:00Z
Daqo New Energy Corp.,DQ,Leading manufacturer of high-purity polysilicon for the global solar PV industry,600000000,5000,To provide high-quality polysilicon products to drive the global transition to clean energy,Chongqing,Chongqing,Xiang Xu,Xiang Xu (CEO); Ming Yang (CFO),Sustainability; Innovation; Quality,Research & Development; Market Analysis,Developing new technologies for solar energy storage,Polysilicon Production Optimization; Solar Panel Efficiency Enhancement,Renewable Energy; Clean Technology; Manufacturing,Stable demand for solar PV products; Competitive pricing in the market,Supply chain logistics; Government regulations,Solar Energy Research Center at Chongqing University; Renewable Energy Scholarship Program,8.7782,9.0,12.0,8.0,3,0.0,2022-10-31T08:00:00Z
Imax Corp,IMAX,Experience the ultimate in movie entertainment,9.2,1500,To deliver immersive entertainment experiences for audiences worldwide,Mississauga,Mississauga,Richard L. Gelfond,"Richard L. Gelfond (CEO); Megan Colligan (President, IMAX Entertainment)",Innovation; Quality; Customer Experience,Virtual Reality; Enhanced Cinematic Experiences,Exploring new technologies for immersive entertainment,IMAX Enhanced; IMAX VR,Entertainment Technology; Global Expansion; Customer Engagement,Growing demand for premium entertainment experiences; Technological advancements in entertainment industry,Partnerships with movie studios; Consumer spending on entertainment,Film Schools; Entertainment Technology Programs,0.9638,1.1761,8.5,12.3,4,0.0,2023-10-26T08:30:45Z
"Columbia Financial, Inc.",CFI,Empowering Financial Growth,$500 million,1000,To provide innovative financial solutions for sustainable growth,New York,New York,John Smith,John Smith (CEO); Emily Johnson (CFO),Integrity; Innovation; Customer Focus,Fintech Solutions; Digital Transformation,Exploring AI-driven investment tools,Blockchain Integration; Data Analytics Platform,Wealth Management; Risk Assessment; Customer Experience,Stable economic conditions; Regulatory compliance,Market trends; Technological advancements,Scholarship Programs; Research Grants,8.699,9.301,12.0,8.0,3,5.5,2023-10-31T08:00:00Z
"Paramount Group, Inc.",PGRE,Building a Better Tomorrow,10000000000,5000,To create sustainable and innovative solutions for a brighter future.,New York,New York,John Smith,John Smith (CEO); Emily Johnson (CFO),Innovation; Sustainability; Excellence,Research & Development; Market Analysis,Exploring new technologies for urban development,Green Building Initiative; Community Outreach Program,Real Estate Development; Environmental Conservation; Community Engagement,Stable economic conditions; Growing demand for sustainable solutions,Government regulations; Market trends,Scholarship programs; Research grants,10.0,9.5,12.0,8.0,3,0.5,2022-10-31T08:00:00Z
"Money Forward, Inc./Adr",MNFY,Empowering individuals to achieve financial wellness,8.5,1000,To provide innovative financial services that empower individuals to take control of their financial future.,Tokyo,Tokyo,Yoshimi Kusunoki,Yoshimi Kusunoki (CEO); Yosuke Tsuji (CFO),Transparency; Innovation; Customer-Centricity,Financial Planning; Budgeting Tools; Expense Tracking,Developing a personalized financial management app for young professionals.,AI-driven Investment Platform; Blockchain-based Payment System,Fintech; Personal Finance Management; Digital Banking,Increasing demand for digital financial services; Growing adoption of AI in finance,Regulatory Compliance; Technological Infrastructure,Scholarship Programs; Research Grants,0.9294,1.1761,12.0,8.0,3,6748.76,2022-10-31T08:00:00Z
Tennant Co,TNC,"Creating a cleaner, safer world",2.5,4000,"To provide innovative solutions that help create a cleaner, safer world for future generations.",Minneapolis,Minneapolis,Chris Killingstad,Chris Killingstad (CEO); Tom Paulson (CFO),Innovation; Sustainability; Customer Satisfaction,Research & Development; Market Analysis,Exploring new technologies for sustainable cleaning solutions.,Green Cleaning Initiative; Waste Reduction Program,Environmental Impact; Product Quality; Customer Service,Stable market demand; Competitive pricing strategy,Supply chain efficiency; Regulatory compliance,University of Minnesota; Harvard University,0.3979,1.6989,8.0,12.0,4,0.0,2023-10-26T08:30:00Z
"Atricure, Inc.",ATRC,Advancing the treatment of atrial fibrillation,250000000.0,1000,To provide innovative solutions for the treatment of atrial fibrillation and related conditions,Mason,Mason,John Doe,John Doe (CEO); Jane Smith (CFO),Innovation; Patient Care; Quality,Research; Development; Clinical Trials,Developing minimally invasive surgical solutions for cardiac conditions,Ablation Technology; Cardiac Monitoring Systems,Atrial Fibrillation; Cardiac Surgery; Medical Devices,Growing demand for minimally invasive cardiac procedures; Regulatory approvals for new technologies,Clinical trial outcomes; Market acceptance of new products,Cardiology Research Program at University X; Medical Device Innovation Center at University Y,8.3979,9.0,0.15,0.05,3,15.0,2022-01-20T08:30:00Z
Blackrock Science & Technology Term Trust,BTS,Investing in the future of technology,1000000000,500,To provide long-term growth through investments in science and technology companies,New York,New York,John Smith,John Smith (CEO); Emily Johnson (CFO),Innovation; Excellence; Sustainability,Artificial Intelligence; Biotechnology,Exploring cutting-edge technologies for potential investments,Blockchain Solutions; IoT Integration,Tech Startups; Research & Development,Stable market conditions; Strong industry partnerships,Market trends; Regulatory environment,STEM Scholarships; Research Grants,9.0,10.5,15.0,5.0,3,0.0,2023-10-26T08:30:00Z
"Delek Us Holdings, Inc.",DK,Fueling the Future,2.5,3000,To provide energy solutions for a sustainable future.,Brentwood,Brentwood,Ethan Bellamy,Ethan Bellamy (CEO); Natalie Thompson (CFO),Innovation; Sustainability; Customer Focus,Renewable Energy; Energy Efficiency,Exploring new biofuel technologies,Carbon Capture Initiatives; Renewable Energy Integration,Energy Transition; Environmental Impact; Customer Experience,Stable oil prices; Government support for renewable energy,Regulatory approvals; Market demand,Scholarship programs; Research grants,9.3979,9.699,5.0,12.0,4,5.5,2022-10-31T08:00:00Z
"Rapid7, Inc.",RPD,Security at the Speed of Business,250000000.0,1500,To provide innovative cybersecurity solutions for businesses worldwide.,Boston,Boston,Corey Thomas,Corey Thomas (CEO); Andrew Burton (President),Innovation; Customer-Centricity; Continuous Improvement,Threat Detection; Vulnerability Management,Developing a new AI-driven security platform,Cloud Security; Incident Response,Cybersecurity; Data Analytics; Cloud Security,Growing demand for cybersecurity solutions; Stable economic conditions,Technological advancements; Regulatory environment,Scholarship Programs; Cybersecurity Research Grants,8.3979,9.0,12.0,5.0,3,0.0,2023-10-26T08:30:15Z
"Live Oak Bancshares, Inc.",LOB,Banking for Entrepreneurs,$500 million,1000,Empowering entrepreneurs to achieve their dreams through innovative banking solutions.,Wilmington,Wilmington,James S. Mahan III,James S. Mahan III (CEO); Neil Underwood (President),Innovation; Customer-Centricity; Transparency,Fintech; Startups; Small Business Loans,Exploring blockchain technology for secure transactions.,Digital Banking Platform Enhancement; Risk Management System Upgrade,Technology Integration; Customer Experience Enhancement; Market Expansion,Stable economic conditions; Regulatory compliance,Technology vendors; Market trends,Scholarship programs; Research grants,8.699,9.0,12.0,5.2,3,0.0,2023-10-26T08:30:00Z
Nuveen S&P 500 Buywrite Income Fund,N/A,Investing in the S&P 500 with a focus on income generation,9.2,50,To provide investors with income through a buy-write strategy on the S&P 500 index.,Chicago,Chicago,John Doe,John Doe (CEO); Jane Smith (CFO),Income generation; Risk management; Long-term growth,Research and development; Market analysis,Exploring new investment strategies for enhanced returns,Options trading; Dividend reinvestment,Income generation; Risk mitigation; Market analysis,Stable market conditions; Efficient execution of buy-write strategy,Market performance; Regulatory environment,Scholarship programs; Research grants,0.9638,10.5,0.08,0.025,7,0.0,2023-10-26T08:30:15Z
Ehang Holdings Ltd,EH,Leading the future of autonomous aerial vehicles,8.5,1000,To revolutionize the future of transportation through autonomous aerial vehicles,Guangzhou,Guangzhou,Huazhi Hu,Huazhi Hu (Founder and CEO); Derrick Xiong (Co-founder and CMO),Innovation; Sustainability; Safety,Research & Development; Regulatory Compliance,Developing urban air mobility solutions for smart cities,Autonomous Aerial Vehicles; Urban Air Mobility Solutions,Aerospace; Transportation; Technology,Increasing demand for autonomous aerial vehicles; Regulatory approvals for commercial operations,Technological advancements in battery technology; Global regulatory frameworks,STEM Education Programs; Research Grants,0.9294,1.6989,12.0,5.3,4,7800.0,2023-10-26T08:30:45Z
Costamare Inc.,CMRE,Leading provider of international container shipping services,9.2,200,To deliver reliable and efficient container shipping solutions globally,Athens,Athens,Konstantinos Konstantakopoulos,Konstantinos Konstantakopoulos (CEO); Gregory Zikos (CFO),Reliability; Efficiency; Global Reach,Market Research; Technology Development,Exploring new routes for expansion,Sustainability Initiatives; Operational Efficiency Improvements,International Shipping; Logistics Solutions,Stable Global Trade Environment; Competitive Shipping Rates,Fuel Prices; Regulatory Compliance,Maritime Studies Scholarships; Logistics Research Grants,9.2,8.5,0.12,0.08,5,0.0,2023-10-26T08:30:00Z
Blue Bird Corp,BB,Leading the Way in Transportation Solutions,9.2,5000,To provide safe and reliable transportation solutions for communities worldwide.,Fort Valley,Fort Valley,John Smith,John Smith (CEO); Emily Johnson (CFO),Safety; Reliability; Innovation,Electric Vehicles; Sustainable Practices,Exploring new technologies for autonomous school buses,Green Energy Initiatives; Community Outreach Programs,School Transportation; Public Transit Solutions; Fleet Management,Stable economic conditions; Growing demand for electric vehicles,Government regulations; Supplier partnerships,Scholarship Programs; Research Grants,9.2,10.5,8.2,12.3,4,100.5,2022-10-31T08:00:00Z
"Sila Realty Trust, Inc.",SILA,Building Trust Through Real Estate,8.5,250,To provide exceptional real estate solutions with integrity and transparency.,San Francisco,San Francisco,John Smith,John Smith (CEO); Emily Johnson (CFO),Integrity; Transparency; Innovation,Sustainable Development; Community Engagement,Exploring new mixed-use development opportunities in urban areas.,Affordable Housing Initiatives; Green Building Certifications,Real Estate Investment; Property Management; Sustainable Development,Stable Real Estate Market; Favorable Interest Rates,Economic Conditions; Government Regulations,Local Universities; Scholarship Programs,0.9294,1.1761,12.0,5.3,8,0.0,2023-10-26T08:30:00Z
Uniti Group Inc.,UNIT,Connecting the world through innovative solutions,9.2,6200,To provide cutting-edge connectivity solutions for a connected world,Little Rock,Little Rock,Kenneth Gunderman,Kenneth Gunderman (CEO); Mark Wallace (CFO),Innovation; Customer-centricity; Sustainability,5G infrastructure; Fiber-optic networks,Exploring IoT integration for smart cities,Next-gen network optimization; AI-driven customer service,Telecommunications infrastructure; Technology solutions,Stable demand for connectivity services; Technological advancements in networking,Regulatory approvals; Market demand trends,STEM scholarships; Research grants,0.9638,1.1761,8.5,12.3,4,0.0,2022-01-28T08:00:00Z
"Cannae Holdings, Inc.",CNNE,Empowering Growth Through Strategic Investments,9.2,500,To drive sustainable value creation through strategic investments and operational expertise.,Las Vegas,Las Vegas,Brent B. Bickett,William P. Foley II (Chairman); Brent B. Bickett (CEO),Innovation; Integrity; Excellence,Technology Startups; Healthcare Innovations,Exploring disruptive technologies in the fintech sector.,AI-driven analytics platform; Blockchain integration for supply chain management,Mergers & Acquisitions; Strategic Partnerships; Operational Optimization,Stable economic conditions; Industry consolidation trends,Market volatility; Regulatory changes,Scholarship programs; Research grants for STEM initiatives,9.2,10.5,8.2,2.6,4,2.5,2023-10-27T08:30:45Z
"A10 Networks, Inc.",ATEN,Secure Application Services,200000000.0,800,To provide secure application services for businesses worldwide.,San Jose,San Jose,Lee Chen,Lee Chen (Founder & CEO); Chris White (CFO),Innovation; Customer Satisfaction; Security,Research & Development; Product Testing,Continuous improvement of security solutions,Cloud Security; DDoS Protection,Network Security; Application Delivery; DDoS Protection,Growing demand for cybersecurity solutions; Stable economic conditions,Technological advancements; Regulatory compliance,STEM Scholarships; Cybersecurity Research Grants,8.301,8.0,0.15,0.03,7,5.0,2023-10-26T08:30:00Z
Forestar Group Inc.,FOR,Building Value in Real Estate,8.2,300,To create value through real estate development and management.,Austin,Austin,Jim DeCosmo,Jim DeCosmo (CEO); Charles D. Jehl (CFO),Sustainability; Innovation; Community Engagement,Land Acquisition; Market Analysis,Developing sustainable residential communities,Mixed-Use Developments; Master-Planned Communities,Residential Real Estate; Land Development,Stable Real Estate Market; Favorable Regulatory Environment,Economic Conditions; Interest Rates,University of Texas at Austin; Texas A&M University,0.9138,1.0414,0.0453,0.012,7,150.0,2023-10-26T08:30:00Z
Pebblebrook Hotel Trust,PEB,Luxury Hotels Redefined,8.5,2000,To provide exceptional hospitality experiences and maximize shareholder value.,Bethesda,Bethesda,John Doe,John Doe (CEO); Jane Smith (CFO),Excellence; Innovation; Customer Satisfaction,Market Research; Product Development,Exploring new luxury hotel concepts in urban areas.,Sustainability Initiatives; Employee Training Programs,Customer Experience; Revenue Management; Sustainable Practices,Stable economic conditions; Growing tourism industry,Real estate market trends; Competitor actions,Scholarship Programs; Research Grants,0.9294,1.6989,12.0,5.3,4,10.5,2023-10-31T08:00:00Z
"Andersons, Inc.",ANDE,Building a Sustainable Future Together,8.5,5000,To provide high-quality products and services while maintaining a commitment to sustainability and community engagement.,Maumee,Maumee,John Smith,John Smith (CEO); Emily Johnson (CFO),Sustainability; Innovation; Community Engagement,Renewable Energy; Sustainable Agriculture,Exploring new ways to reduce carbon footprint in our operations.,Water Conservation Initiative; Green Supply Chain Program,Sustainability Practices; Community Outreach; Innovation in Agriculture,Stable economic conditions; Supportive regulatory environment,Access to renewable energy sources; Technological advancements in sustainable practices,Scholarship Programs; Research Grants,0.9294,1.1761,5.0,12.0,3,10.5,2023-10-31T08:00:00Z
Sabre Corp,SABR,Powering the world's travel industry,3.5,10000,To provide innovative technology solutions for the global travel industry,Southlake,Southlake,John Doe,John Doe (CEO); Jane Smith (CFO),Innovation; Customer-centricity; Global Impact,Artificial Intelligence; Blockchain; Big Data Analytics,Exploring new ways to enhance travel booking experiences,Digital Transformation; Customer Experience Enhancement,Travel Technology; Data Security; Customer Satisfaction,Stable economic conditions; Growing travel industry,Global travel trends; Technological advancements,STEM Education Grants; Research Scholarships,0.5441,1.0414,8.0,12.0,3,0.0,2023-10-26T08:30:00Z
"Byline Bancorp, Inc.",BY,Empowering Your Financial Future,8.5,1200,To provide innovative financial solutions for our customers' success.,Chicago,Chicago,John Doe,John Doe (CEO); Jane Smith (CFO),Integrity; Innovation; Customer-Centric,Digital Transformation; Customer Experience Enhancement,Exploring AI-driven personalized banking solutions.,Blockchain Integration; Data Analytics Optimization,Technology Innovation; Customer Satisfaction,Stable Economic Conditions; Regulatory Compliance,Market Trends; Technological Advancements,Scholarship Programs; Research Grants,0.9294,1.1761,8.5,2.5,4,0.0,2023-10-26T08:30:45Z
Fox Factory Holding Corp,FOXF,Redefining Ride Dynamics,500000000.0,3000,To provide high-performance products that improve the ride experience for our customers.,Braselton,Braselton,Bob Fox,Bob Fox (CEO); John Smith (CFO),Innovation; Quality; Customer Satisfaction,Research & Development; Product Testing,Developing cutting-edge suspension systems for off-road vehicles.,New Shock Absorber Design; Improved Fork Technology,Performance; Durability; Customer Experience,Growing demand for high-performance suspension systems; Stable economic conditions,Supply chain logistics; Technological advancements,Scholarship programs; Research grants,8.699,9.0,0.12,0.05,3,30.5,2023-10-26T08:30:00Z
Sfl Corp Ltd.,SFL,Empowering Innovation,8.5,1000,To drive positive change through innovative solutions and sustainable practices.,San Francisco,San Francisco,John Doe,John Doe (CEO); Jane Smith (CFO),Innovation; Sustainability; Excellence,AI; Blockchain; IoT,Exploring new opportunities in renewable energy sector.,Smart Cities Initiative; Healthcare Innovation Program,Sustainability; Digital Transformation; Customer Experience,Stable economic conditions; Growing market demand,Government regulations; Technological advancements,STEM Scholarships; Research Grants,0.9294,1.1761,12.0,8.0,3,0.5,2022-01-20T08:30:00Z
"Jinkosolar Holding Co., Ltd.",NYSE: JKS,Leading the way to a sustainable future,9.5,15000,To provide clean and affordable solar energy solutions globally,Shanghai,Shanghai,Kangping Chen,Kangping Chen (CEO); Xiande Li (Chairman),Sustainability; Innovation; Global Impact,Research & Development; Market Expansion,Exploring new solar technologies for increased efficiency,Solar Panel Optimization; Grid Integration Solutions,Renewable Energy; Technology Innovation; Global Expansion,Growing demand for solar energy solutions; Favorable government policies,Access to raw materials; Market demand for solar products,Solar Energy Research Grants; Renewable Energy Scholarships,0.9777,1.0414,0.08,0.05,3,0.0,2023-10-26T08:30:00Z
Navios Maritime Partners L.P.,NMM,Leading the way in maritime transportation,8.5,1000,To provide efficient and reliable maritime transportation services globally,Piraeus,Piraeus,John Smith,John Smith (CEO); Jane Doe (CFO),Efficiency; Reliability; Innovation,Market Research; Technology Development,Exploring new routes for cost optimization,Fuel Efficiency Enhancement; Crew Training Program,Operational Excellence; Customer Satisfaction; Sustainability,Stable fuel prices; Global trade growth,Weather conditions; Regulatory changes,Maritime Academy Scholarships; Research Grants,0.9294,1.1761,12.0,8.0,3,0.0,2023-10-26T08:30:00Z
Curevac N.V.,CVAC,Harnessing the power of mRNA to create a new generation of transformative medicines,1000000000,1500,To develop innovative mRNA-based therapeutics to improve lives worldwide,Tübingen,Tübingen,Franz-Werner Haas,Franz-Werner Haas (CEO); Pierre Kemula (CFO),Innovation; Healthcare; Global Impact,Research; Development; Clinical Trials,Exploring novel mRNA therapies for rare diseases,COVID-19 Vaccine Development; Oncology Treatments,mRNA Therapeutics; Vaccine Development; Precision Medicine,Growing demand for mRNA-based therapies; Successful clinical trial outcomes,Regulatory approvals; Funding for research,Supporting research programs at local universities; Scholarship initiatives,9.0,10.5,0.15,5.2,3,0.0,2022-01-28T08:00:00Z
Proassurance Corp,PRA,Protecting and Strengthening Healthcare Practices,800000000.0,2400,To provide innovative insurance solutions that protect healthcare providers and strengthen their practices.,Birmingham,Birmingham,Ned Rand,Ned Rand (CEO); Derek B. Smith (CFO),Integrity; Innovation; Customer-Centricity,Risk Assessment; Product Development,Developing new insurance products for emerging healthcare trends.,Claims Management System Upgrade; Provider Network Expansion,Healthcare Insurance; Risk Management; Customer Service,Stable healthcare market growth; Regulatory compliance,Technological advancements; Industry partnerships,Medical Research Grants; Healthcare Scholarships,8.9031,9.5,0.12,0.035,4,0.0,2023-10-26T08:30:15Z
Berkshire Hills Bancorp Inc,BHLB,Banking on Relationships,9.2,1900,"To provide personalized banking, insurance, and wealth management services to individuals and businesses in our communities.",Pittsfield,Pittsfield,Richard M. Marotta,Richard M. Marotta (CEO); Sean A. Gray (CFO),Customer-Centric Approach; Community Engagement,Digital Transformation; Customer Experience Enhancement,Exploring AI integration for personalized financial recommendations.,Data Analytics for Risk Management; Blockchain Implementation for Security,Retail Banking; Commercial Lending; Wealth Management,Stable Economic Conditions; Regulatory Compliance,Technology Infrastructure Upgrades; Market Trends,Scholarship Programs; Financial Literacy Initiatives,0.9638,1.1461,0.0453,0.012,8,0.0,2023-10-26T08:30:45Z
Rlj Lodging Trust,RLJ,Investing in the future of hospitality,8.2,2000,To provide exceptional lodging experiences for our guests and superior returns for our shareholders.,Bethesda,Bethesda,John Doe,John Doe (CEO); Jane Smith (CFO),Sustainability; Innovation; Customer Satisfaction,Market Research; Technology Integration,Exploring new hotel concepts for urban markets,Energy Efficiency Upgrades; Employee Training Programs,Customer Experience; Revenue Management; Sustainability Practices,Stable economic conditions; Growing tourism industry,Government regulations; Industry trends,Scholarship Programs; Hospitality Management Research Grants,0.9138,1.2041,5.2,3.8,7,10.5,2023-10-26T08:30:45Z
"Easterly Government Properties, Inc.",EGP,Empowering Government Through Real Estate,1000000000,200,To provide high-quality commercial properties for government agencies to fulfill their missions effectively.,"Washington, D.C.","Washington, D.C.",John Smith,John Smith (CEO); Emily Johnson (CFO),Transparency; Accountability; Efficiency,Sustainability; Innovation; Community Engagement,Exploring new ways to optimize government real estate utilization.,Energy Efficiency Upgrades; Workspace Modernization,Government Real Estate; Sustainable Development; Innovation in Property Management,Stable government demand for office space; Continued focus on cost-efficiency,Government budget allocations; Regulatory environment,Local University Scholarship Fund; STEM Education Grants,9.0,9.5,12.0,5.0,3,0.0,2022-10-31T12:00:00Z
"Ramaco Resources, Inc.",NASDAQ: METC,Fueling the Future,8.5,300,To provide sustainable and reliable energy solutions for the future.,Lexington,Lexington,Randall W. Atkins,Randall W. Atkins (Chairman and CEO); Michael D. Bauersachs (President and CFO),Innovation; Sustainability; Community Engagement,Research & Development; Market Analysis,Exploring new clean energy technologies,Renewable Energy Integration; Carbon Capture Initiatives,Clean Energy; Environmental Sustainability,Growing demand for clean energy solutions,Government Regulations; Market Trends,University of Kentucky; West Virginia University,0.9294,1.1761,8.0,3.5,7,0.0,2023-10-26T08:30:00Z
"Saul Centers, Inc.",UNKNOWN,UNKNOWN,8.5,500,UNKNOWN,Unknown,Unknown,Unknown,Unknown (Unknown),,,Unknown,,,,,,0.9294,0.0,0.0,0.0,0,0.0,2023-10-26T08:30:00Z
Nuveen Floating Rate Income Fund,,,0,,,,,,,,,,,,,,,0.0,0.0,,,,,2023-10-26T08:00:00Z
Neogen Corp,NEO,Food Safety Genomics,3000000000,2200,To provide the best food safety solutions through genomics technology.,Lansing,Lansing,John Doe,John Doe (CEO); Jane Smith (CFO),Innovation; Quality; Customer Satisfaction,Genomics Research; Food Safety Solutions,Developing advanced genomics tools for food safety testing.,Genomic Sequencing; Food Pathogen Detection,Food Safety; Genomics Technology; Research & Development,Stable market demand for food safety solutions; Continuous technological advancements,Regulatory approvals; Research partnerships,University of Michigan; Michigan State University,9.4771,10.699,12.0,8.5,3,0.0,2022-01-31T08:00:00Z
