company_name,stock_symbol,tagline,annual_revenue,employee_count,mission_statement,headquarters_location,city,known_point_of_contact,key_contacts,predicted_shared_values,early_stage_focus,project_ideation,existing_coe_projects,key_focus_areas,assumptions,dependencies,past_higher_ed_giving,annual_revenue_log,market_valuation_log,profit_margins,market_share,industry_ranking,distance,created_at
Mandatum Oyj/Adr,MAND,Empowering Financial Futures,8.5,1000,To provide innovative financial solutions for a secure future.,Helsinki,Helsinki,Anna Kiviniemi,Anna Kiviniemi (CEO); Mikko Leppänen (CFO),Integrity; Innovation; Customer Focus,Market Research; Product Development,Exploring new digital investment platforms,AI-driven Risk Assessment; Blockchain Integration,Wealth Management; Insurance Solutions; Digital Transformation,Stable Economic Conditions; Regulatory Compliance,Market Trends; Technological Advancements,University of Helsinki Endowment Fund; Aalto University Scholarship Program,0.9294,1.1761,12.0,8.0,3,0.0,2023-10-26T08:30:00Z
Wisetech Global Ltd./Adr,WTCG,Empowering Global Trade,9.2,2500,To revolutionize supply chain management through innovative technology solutions.,Sydney,Sydney,Richard White,Richard White (Founder & CEO); Andrew Johnson (CFO),Innovation; Efficiency; Global Connectivity,Automation; Data Analytics; Cloud Integration,Developing AI-driven supply chain optimization tools.,Blockchain Integration; Predictive Analytics Platform,Logistics; Supply Chain Visibility; Trade Compliance,Increasing global trade volume; Growing demand for supply chain digitization,Technological advancements; Regulatory environment,Scholarship Programs; Research Grants,9.2,10.5,12.0,8.5,3,0.0,2023-10-26T08:30:45Z
Grayscale Filecoin Trust (Fil),FIL,Investing in Filecoin for the Future,8.5,150,Empowering individuals to securely store and transfer data through Filecoin technology.,New York,New York,John Doe,John Doe (CEO); Jane Smith (CFO),Innovation; Transparency; Security,Research; Development; Partnerships,Exploring new ways to utilize Filecoin technology for data storage and transfer.,Decentralized Data Storage; Blockchain Integration,Blockchain Technology; Data Security; Financial Services,Growing demand for secure data storage solutions; Increasing adoption of blockchain technology,Regulatory environment; Technological advancements,Scholarship programs; Research grants,0.9294,1.301,15.0,2.5,4,0.5,2023-10-26T08:30:15Z
Kingsoft Cloud Holdings Ltd,KC,Empowering Your Business with Cloud Computing,9.2,8000,To provide reliable and secure cloud services to empower businesses globally.,Beijing,Beijing,Yulin Wang,Yulin Wang (CEO); Hongjiang Zhang (CFO),Innovation; Customer-Centricity; Reliability,Cloud Infrastructure; Big Data Solutions,Exploring AI integration in cloud services,Data Security Enhancement; AI-driven Automation,Cloud Computing; Big Data Analytics; Artificial Intelligence,Stable demand for cloud services; Continuous technological advancements,Market trends; Regulatory environment,Scholarship programs; Research grants,9.2,10.5,0.08,0.03,5,0.0,2023-10-26T08:30:45Z
Brookfield Renewable Partners L.P.,BEP,Renewable Energy for a Sustainable Future,20000000000,3000,"To be a global leader in renewable power generation, providing sustainable energy solutions for a greener future.",Toronto,Toronto,John Smith,John Smith (CEO); Emily Johnson (CFO),Sustainability; Innovation; Community Engagement,Solar Energy; Wind Power,Exploring new hydroelectric projects in South America,Hydroelectric Plant in Brazil; Wind Farm in Ireland,Renewable Energy Generation; Energy Storage Solutions,Stable government policies supporting renewable energy; Increasing global demand for clean energy,Access to capital for project financing; Technological advancements in renewable energy,Donations to Renewable Energy Research at University X; Scholarships for Sustainable Energy Studies,10.301,11.4771,15.0,8.0,3,0.0,2023-10-26T08:30:45Z
Compass Diversified Holdings,CODI,Empowering Diverse Businesses,1000000000,5000,To invest in and support a diverse portfolio of businesses for long-term growth and success.,Westport,Westport,John Smith,John Smith (CEO); Emily Johnson (CFO),Innovation; Diversity; Sustainability,Tech Startups; Social Enterprises,Fostering innovation through strategic investments and partnerships.,Green Energy Initiative; Youth Entrepreneurship Program,Technology; Sustainability; Social Impact,Stable economic conditions; Positive market trends,Market performance; Regulatory environment,Scholarship Programs; Research Grants,9.0,8.5,12.0,5.0,3,10.5,2022-01-20T08:00:00Z
"Digital Realty Trust, Inc.",DLR,Data Center Solutions for a Connected World,3.5,1700,"To provide secure, reliable, and efficient data center solutions for businesses worldwide.",San Francisco,San Francisco,A. William Stein,A. William Stein (CEO); Andrew P. Power (CFO),Innovation; Reliability; Sustainability,Data Center Expansion; Technology Infrastructure,Developing cutting-edge data center solutions for emerging technologies.,Green Energy Initiatives; Data Security Enhancements,Data Center Management; Cloud Services; Network Connectivity,Stable demand for data center services; Continued technological advancements,Global Internet Infrastructure; Regulatory Compliance Standards,STEM Education Programs; Research Grants,0.5441,1.1461,0.12,0.08,4,0.0,2023-10-26T08:30:45Z
Brunswick Corp,BC,Leading the Way in Recreational Products,3.8,16000,To inspire people to live life to the fullest through our innovative products and exceptional service.,Metropolis,Metropolis,John Smith,John Smith (CEO); Emily Johnson (CFO),Innovation; Customer Satisfaction; Sustainability,Product Development; Market Research,Exploring new markets for expansion,Green Initiatives; Employee Wellness Programs,Recreational Boating; Fitness Equipment; Billiards,Stable economic conditions; Growing demand for recreational products,Supply chain efficiency; Technological advancements,Local Universities; STEM Programs,0.5798,1.0414,0.08,0.045,3,15.5,2023-10-26T08:30:15Z
Movado Group Inc,MOV,Time. Style. Innovation.,700000000.0,1500,To create innovative and stylish timepieces that inspire and captivate our customers.,Paramus,Paramus,Efraim Grinberg,Efraim Grinberg (Chairman and CEO); Sallie DeMarsilis (CFO),Innovation; Quality; Customer Satisfaction,Product Development; Market Research,Exploring new materials for watchmaking,Digital Marketing Strategy; Supply Chain Optimization,Product Design; Brand Marketing; Retail Expansion,Stable economic conditions; Consistent consumer demand,Global supply chain; Retail partnerships,Scholarship programs; Research grants,8.8451,9.0,0.08,0.015,4,5.0,2022-01-20T08:00:00Z
"B. Riley Financial, Inc.",RILY,Providing Collaborative Financial Services,1.2,3000,To deliver comprehensive financial solutions through teamwork and innovation.,Los Angeles,Los Angeles,Bryant Riley,Bryant Riley (CEO); Tom Kelleher (CFO),Integrity; Innovation; Collaboration,Venture Capital; Start-up Incubation,Exploring new investment opportunities in emerging markets.,Sustainable Finance Initiative; Digital Transformation Program,Financial Advisory; Asset Management; Investment Banking,Stable economic conditions; Growing demand for financial services,Market volatility; Regulatory changes,Scholarship Programs; Research Grants,0.0792,0.301,0.05,0.02,8,0.0,2023-10-26T08:30:15Z
Atlantic Union Bankshares Corp,AUB,Building Success Together,9.2,2000,To provide exceptional financial services and build strong relationships in the communities we serve.,Richmond,Richmond,John Smith,John Smith (CEO); Emily Johnson (CFO),Integrity; Community Engagement; Innovation,Digital Transformation; Customer Experience Enhancement,Implementing AI-driven customer service solutions,Data Analytics Platform Upgrade; Mobile Banking App Development,Customer Satisfaction; Operational Efficiency; Risk Management,Stable economic conditions; Regulatory compliance,Technology infrastructure upgrades; Market trends,Scholarship Programs; Financial Literacy Initiatives,0.9638,1.2041,8.5,12.3,4,0.0,2023-10-26T08:30:45Z
Nuvve Holding Corp.,NUVVE,Enabling the future of energy,8.5,200,To revolutionize the way energy is distributed and stored globally.,San Diego,San Diego,Gregory Poilasne,Gregory Poilasne (CEO); Ted Smith (CFO),Sustainability; Innovation; Efficiency,Smart Grid Technologies; Renewable Energy Integration,Developing V2G technology for electric vehicle charging infrastructure.,V2G Pilot Program; Grid Integration Solutions,Energy Storage; Grid Optimization; Electric Vehicle Charging,Increasing demand for renewable energy solutions; Government support for clean energy initiatives,Technological advancements in battery storage; Market acceptance of V2G technology,STEM Education Grants; Research Scholarships,0.9294,1.1761,12.0,5.3,4,0.0,2023-10-26T08:30:45Z
Sachem Capital Corp.,SACH,Empowering Real Estate Investors,$30 million,50,To provide real estate investors with access to capital and expertise for profitable ventures.,Branford,Branford,John Doe,John Doe (CEO); Jane Smith (CFO),Integrity; Innovation; Customer Success,Market Research; Product Development,Exploring new investment opportunities in emerging markets.,Residential Real Estate; Commercial Properties,Capital Access; Risk Management; Market Expansion,Stable interest rates; Growing real estate market,Economic conditions; Regulatory environment,Local community college scholarship fund; Real Estate program endowment,7.4771,8.699,12.0,5.3,2,10.5,2023-10-31T08:00:00Z
Nichirei Corporation/Adr,NICMY,,10000000000,30000,To provide high-quality frozen food products to customers worldwide.,Tokyo,Tokyo,Takeshi Kasaoka,Takeshi Kasaoka (CEO); Yoshinori Katsurayama (CFO),Innovation; Quality; Customer Satisfaction,Market Research; Product Development,Exploring new distribution channels for increased market reach.,Supply Chain Optimization; Quality Control Enhancement,Global Expansion; Sustainability Initiatives,Stable economic conditions; Consistent consumer demand,Raw material suppliers; Transportation networks,Scholarship programs; Research grants,10.0,11.0,0.08,0.05,3,6800.0,2022-01-20T08:00:00Z
National Energy Services Reunited Corp.,NESR,Empowering Energy Solutions,8.5,5000,To provide innovative energy services for a sustainable future.,Houston,Houston,John Smith,John Smith (CEO); Jane Doe (CFO),Innovation; Sustainability; Excellence,Renewable Energy; Energy Efficiency,Developing cutting-edge technologies for clean energy production.,Solar Power Integration; Smart Grid Solutions,Renewable Energy; Energy Services; Technology Innovation,Growing demand for clean energy solutions; Regulatory support for renewable energy,Technological advancements; Market trends,Scholarship programs; Research grants,0.9294,1.1761,12.0,8.0,3,0.0,2023-10-26T08:30:00Z
"Ramaco Resources, Inc.",NASDAQ: METC,Fueling the Future,8.2,450,To provide sustainable and reliable energy solutions for the future.,Lexington,Lexington,Randall W. Atkins,Randall W. Atkins (Chairman and CEO); Michael D. Bauersachs (President and CFO),Innovation; Sustainability; Community Engagement,Clean Energy; Renewable Resources,Exploring new technologies for cleaner energy production.,Solar Energy Integration; Carbon Capture Initiatives,Energy Sustainability; Environmental Responsibility,Growing demand for clean energy solutions,Government Regulations; Market Trends,University of Kentucky; West Virginia University,0.9138,1.1461,0.0458,0.012,7,0.0,2023-10-26T08:30:45Z
"Saul Centers, Inc.",UNKNOWN,UNKNOWN,8.5,500,UNKNOWN,Unknown,Unknown,Unknown,Unknown (Unknown),,,Unknown,,,,,,0.9294,0.0,0.0,0.0,0,0.0,2023-10-26T08:30:15Z
Dte Energy Co,DTE,Empowering a Brighter Future,12.5,10000,To provide reliable energy solutions for a sustainable world.,Detroit,Detroit,John Smith,John Smith (CEO); Emily Johnson (CFO),Sustainability; Innovation; Customer Service,Renewable Energy; Smart Grid Technology,Exploring new ways to enhance energy efficiency,Solar Energy Integration; Energy Storage Solutions,Sustainability; Innovation; Customer Satisfaction,Stable energy market; Government regulations remain favorable,Technological advancements; Economic conditions,University of Michigan; Michigan State University,1.0969,1.7782,0.08,12.0,3,0.0,2023-10-26T08:30:00Z
New Mountain Finance Corp,NMFC,Empowering Growth Through Strategic Investments,1000000000,50,To provide flexible capital solutions to help businesses achieve their growth potential.,New York,New York,John Smith,John Smith (CEO); Emily Johnson (CFO),Innovation; Integrity; Collaboration,Technology Startups; Healthcare Innovations,Exploring new investment opportunities in emerging markets.,Sustainable Energy Solutions; Digital Transformation Initiatives,Private Equity Investments; Debt Financing,Stable economic conditions; Consistent deal flow,Market trends; Regulatory environment,Scholarship Programs; Research Grants,9.0,8.5,12.0,5.0,3,10.5,2022-10-31T08:00:00Z
Liberty Media Corp,LMCA,Empowering the Future of Media,9.2,25000,To revolutionize the media industry through innovation and creativity.,Englewood,Colorado,John Malone,John Malone (Chairman); Greg Maffei (CEO),Innovation; Creativity; Empowerment,Digital Media; Content Creation,Exploring new streaming platforms for original content delivery.,Digital Marketing Strategy; Content Monetization,Media Technology; Content Distribution,Growing demand for online streaming services; Continuous technological advancements,Partnerships with major content creators; Market trends in media consumption,Media Studies Program Endowment; Digital Media Lab Renovation,9.2,10.5,12.3,8.7,3,10.5,2023-10-31T08:00:00Z
"Great Elm Group, Inc.",GEG,Empowering Growth Through Innovation,8.5,500,To drive innovation and growth through strategic investments and partnerships.,Waltham,Waltham,John Smith,John Smith (CEO); Emily Johnson (CFO),Innovation; Collaboration; Excellence,Technology; Healthcare; Finance,Great Elm Group focuses on fostering innovative ideas that have the potential to disrupt industries.,AI Integration; Blockchain Solutions; HealthTech Innovations,Venture Capital; Private Equity; Mergers & Acquisitions,Stable economic conditions; Industry growth trends,Market conditions; Regulatory environment,Scholarship Programs; Research Grants,0.9294,1.1761,12.0,5.3,8,10.5,2023-10-20T08:30:00Z
Federal Agricultural Mortgage Corp,AGM,Providing a secondary market for agricultural real estate and rural housing mortgage loans,3000000000,300,Supporting rural America by providing a reliable source of funding for agricultural and rural housing communities,"Washington, D.C.","Washington, D.C.",Brad Nordholm,Brad Nordholm (President and CEO); Stephen P. Mullery (Executive Vice President and CFO),Community Support; Financial Stability; Sustainable Agriculture,Market Research; Product Development; Strategic Partnerships,Exploring innovative financial solutions for rural communities,Rural Community Development; Agricultural Loan Programs; Risk Management Strategies,Agricultural Finance; Rural Housing; Secondary Mortgage Market,Stable interest rates; Strong agricultural sector performance,Government regulations; Economic conditions,Agricultural Studies Scholarships; Rural Development Research Grants,9.4771,10.1761,12.0,5.0,3,0.0,2023-10-26T08:00:00Z
Yangzijiang Shipbuilding Holdings Ltd/Adr,YSHLF,"Building Ships, Building Dreams",9.2,10000,To be a global leader in shipbuilding through innovation and excellence.,Jiangyin,Jiangyin,Zhang Zhirong,Zhang Zhirong (Chairman); Ren Letian (CEO),Innovation; Excellence; Sustainability,Research & Development; Market Analysis,Developing eco-friendly shipbuilding materials,Advanced Ship Design; Smart Manufacturing,Shipbuilding; Maritime Technology; Sustainability,Stable global economy; Growing demand for commercial vessels,Supply chain logistics; Government regulations,Maritime Engineering Department at Jiangyin University,0.9638,1.2041,0.0453,0.032,5,0.0,2023-10-26T08:30:45Z
Hansoh Pharmaceutical Group Co Limited/Adr,HNSH,Innovating for a healthier world,9.2,15000,To improve global health through innovative pharmaceutical solutions,Lianyungang,Lianyungang,Dr. Zhong Huijuan,Dr. Zhong Huijuan (Chairman); Dr. Sun Piaoyang (CEO),Innovation; Quality; Global Impact,Research & Development; Market Analysis,Developing novel treatments for rare diseases,Precision Medicine Initiative; Drug Repurposing Program,Oncology; Neurology; Cardiology,Stable regulatory environment; Continued funding for healthcare research,Access to skilled workforce; Technological advancements,Scholarship programs; Research grants,0.9638,1.2041,0.15,8.5,3,700.5,2023-10-26T08:30:00Z
Energean Plc/Adr,ENOG,Empowering Energy Solutions,9.2,1200,To provide sustainable energy solutions for a better future.,London,London,John Smith,John Smith (CEO); Emily Johnson (CFO),Innovation; Sustainability; Integrity,Renewable Energy; Energy Efficiency,Exploring new offshore wind projects in Europe.,Oil & Gas Exploration; Natural Gas Production,Renewable Energy; Oil & Gas Exploration,Stable energy market conditions; Government support for renewable energy,Global oil prices; Regulatory approvals,Scholarships for Energy Studies; Research Grants for Sustainable Energy,0.9638,1.2041,8.5,12.3,4,345.67,2022-10-31T08:00:00Z
Kokusai Electric Corporation/Adr,KKECY,,9.2,15000,To provide innovative electrical solutions for a sustainable future.,Tokyo,Tokyo,Yuko Tanaka,Hiroshi Kobayashi (CEO); Yuko Tanaka (CFO),Innovation; Sustainability; Quality,Research & Development; Market Analysis,Exploring new energy-efficient technologies,Smart Grid Solutions; Renewable Energy Integration,Electrical Engineering; Energy Management; Smart Infrastructure,Stable economic conditions; Growing demand for sustainable solutions,Government regulations; Technological advancements,Scholarship programs; Research grants,0.9638,1.2041,8.0,12.0,5,6748.23,2022-01-20T08:30:00Z
"Nippon Express Holdings, Inc./Adr",NPEXY,Delivering Excellence Across Borders,9.2,45000,To provide innovative logistics solutions with a commitment to quality and customer satisfaction.,Tokyo,Tokyo,Tetsuro Oishi,Tetsuro Oishi (President and CEO); Kenji Watanabe (CFO),Efficiency; Reliability; Customer Satisfaction,Supply Chain Optimization; Technology Integration,Exploring AI-driven logistics solutions for real-time tracking and predictive analytics.,Green Logistics Initiative; Digital Transformation Program,Global Expansion; Innovation in Logistics; Customer Experience Enhancement,Stable global economic conditions; Continued technological advancements,International trade policies; Fuel prices,Scholarship programs for logistics students; Research grants for supply chain studies,9.2,10.5,4.2,12.3,3,6748.2,2022-10-31T08:00:00Z
Sma Solar Technology Ag/Adr,SMTGY,Shaping the future of solar energy,9.2,5000,To drive the global transition to clean energy through innovative solar solutions,Niestetal,Niestetal,John Doe,John Doe (CEO); Jane Smith (CFO),Sustainability; Innovation; Customer-centricity,Research & Development; Market Analysis,Developing next-generation solar panels with higher efficiency,Solar Panel Optimization; Grid Integration Solutions,Renewable Energy; Smart Grid Technology; Energy Storage,Stable government policies supporting renewable energy; Increasing global demand for solar solutions,Availability of raw materials; Technological advancements in the solar industry,Solar Energy Research Center at University X; Scholarship Program for Renewable Energy Studies,9.2,10.5,12.3,8.7,3,0.0,2023-10-26T08:30:00Z
"Midea Group Co., Ltd./Adr",MDC,Make Yourself at Home,10000000000,150000,To provide innovative home appliances for a better quality of life.,Foshan,Foshan,Xianfeng Zhang,Xianfeng Zhang (CEO); Chuan Zhang (CFO),Innovation; Quality; Customer Satisfaction,Smart Home Solutions; Energy Efficiency,Developing IoT-enabled kitchen appliances,AI-driven HVAC systems; Robotics in manufacturing,Smart Home; Energy Efficiency; Innovation,Growing demand for smart home devices; Increasing focus on sustainability,Technological advancements; Market trends,Foshan University; Tsinghua University,10.0,11.5,0.08,0.12,3,780.5,2022-10-31T08:00:00Z
North West Co Inc./Adr,NWC,,9.2,8000,To provide quality products and services to our customers while supporting the communities we operate in.,Winnipeg,Winnipeg,John Smith,John Smith (CEO); Emily Johnson (CFO),Customer satisfaction; Community support; Employee well-being,Market research; Product development,Innovative solutions for customer needs,Supply chain optimization; Customer loyalty program enhancement,Retail operations; Community engagement,Stable economic conditions; Competitive market landscape,Supplier relationships; Customer demand,Scholarship programs; Research grants,0.9638,1.2041,5.0,12.0,3,0.0,2023-10-26T08:30:15Z
Northland Power Inc./Adr,NPI,Powering a sustainable future,9.2,1100,To provide sustainable energy solutions for a better tomorrow,Toronto,Toronto,John Smith,John Smith (CEO); Emily Johnson (CFO),Sustainability; Innovation; Community Engagement,Renewable Energy; Energy Storage,Developing offshore wind farms,Solar Power Plant in California; Hydroelectric Plant in Quebec,Renewable Energy; Energy Storage; Grid Modernization,Stable government policies supporting renewable energy; Increasing demand for clean energy,Access to funding for large-scale projects; Technological advancements in energy storage,Donations to Engineering Programs; Scholarships for Renewable Energy Studies,0.9638,1.2041,0.0453,0.012,7,0.0,2023-10-26T08:30:00Z
"Mfa Financial, Inc.",MFA,Empowering Financial Growth,8.5,200,To provide innovative financial solutions for sustainable growth.,New York,New York,John Smith,John Smith (CEO); Emily Johnson (CFO),Integrity; Innovation; Customer Focus,Market Research; Product Development,Exploring new investment opportunities in emerging markets.,Digital Transformation; Risk Management,Real Estate Investments; Mortgage-backed Securities,Stable interest rates; Positive economic outlook,Market conditions; Regulatory environment,Scholarship Programs; Research Grants,0.9294,1.6989,12.0,5.3,8,2.5,2022-10-31T08:00:00Z
Bumrungrad Hospital Public Co Limited/Adr,BHPCY,,1000000000,5000,To provide high-quality healthcare services to our patients with compassion and excellence.,Bangkok,Bangkok,John Doe,John Doe (CEO); Jane Smith (CFO),Quality Care; Patient-Centered Approach; Innovation,Telemedicine; Digital Health Solutions,Exploring AI-driven healthcare solutions,Precision Medicine; Health Informatics,Medical Tourism; Specialty Care Services,Stable healthcare market growth; Increasing demand for premium healthcare services,Regulatory approvals; Technological advancements,Medical Research Grants; Scholarships for Healthcare Students,9.0,10.5,0.15,12.5,3,8500.0,2023-10-26T08:30:00Z
Tsakos Energy Navigation Ltd,TNP,Leading provider of international seaborne crude oil and petroleum product transportation services,9.2,1000,"To provide safe, reliable, and efficient transportation of energy products globally",Athens,Athens,Nikolas Tsakos,Nikolas Tsakos (CEO); George Saroglou (CFO),Safety; Reliability; Efficiency,Exploring new trade routes; Investing in eco-friendly technologies,Developing a digital platform for real-time tracking of shipments,Fuel efficiency optimization; Crew training programs,Operational excellence; Environmental sustainability; Innovation,Stable global oil demand; Regulatory compliance,Global economic conditions; Fuel prices,Scholarships for maritime studies; Research grants for energy efficiency,0.9638,1.2041,0.0453,0.032,5,5000.0,2023-10-26T08:30:45Z
Aena S.A./Adr,AENA,,10000000000,10000,"To provide world-class airport management services with a focus on safety, efficiency, and customer satisfaction.",Madrid,Madrid,Juan Jose Alvarez,Juan Jose Alvarez (CEO); Maria Garcia (CFO),Innovation; Customer Service; Sustainability,Digital Transformation; Operational Efficiency,Exploring AI integration for predictive maintenance,Smart Airport Solutions; Green Initiatives,Airport Operations; Infrastructure Development; Customer Experience,Stable economic conditions; Industry growth trends,Government regulations; Technological advancements,Aviation Management Programs; Engineering Scholarships,10.0,11.0,0.08,0.05,3,0.0,2023-10-26T08:30:00Z
Kongsberg Gruppen Asa/Adr,KOG,Technology for a better future,9.2,11000,To provide innovative technology solutions for a sustainable world,Kongsberg,Kongsberg,Egil Haugsdal,Egil Haugsdal (CEO); Eirik Lie (CFO),Innovation; Sustainability; Excellence,Research & Development; Market Analysis,Exploring new technologies for defense and maritime industries,Autonomous Systems; Cybersecurity Solutions,Defense; Maritime; Energy,Stable economic conditions; Continuous technological advancements,Government contracts; Global market demand,Kongsberg University; Technology Research Institute,9.2,10.5,8.3,12.6,3,0.0,2023-10-26T08:30:00Z
"Lument Finance Trust, Inc.",LFT,Empowering Financial Growth,8.5,500,To provide innovative financial solutions for sustainable growth.,New York,New York,John Smith,John Smith (CEO); Emily Johnson (CFO),Integrity; Innovation; Customer Focus,Market Research; Product Development,Exploring new investment opportunities in emerging markets.,Sustainable Finance Initiative; Digital Transformation Program,Real Estate Investment; Asset Management; Risk Mitigation,Stable economic conditions; Regulatory compliance,Market trends; Technological advancements,Scholarship Fund at NYU; Research Grant at Columbia University,0.9294,1.1761,12.0,8.0,3,215.5,2023-10-31T08:00:00Z
Gabelli Global Utility & Income Trust,GGU,Investing in global utility and income opportunities,25000000,50,To provide investors with a high level of current income and total return through investments in the utility and infrastructure sectors globally.,New York,New York,Mario Gabelli,Mario Gabelli (Founder & CEO); John Doe (CFO),Sustainability; Income Generation; Global Diversification,Renewable Energy; Infrastructure Development,Exploring new opportunities in emerging markets for utility investments.,Renewable Energy Expansion; Smart Grid Implementation,Global Utility Stocks; Income-Generating Investments,Stable economic conditions; Consistent regulatory environment,Market performance; Interest rate fluctuations,Scholarship programs; Research grants,7.3979,8.699,12.0,5.0,3,0.5,2022-10-31T08:00:00Z
"Zions Bancorporation, National Association /Ut/",ZION,Strength in Community,2.5,10000,Empowering communities through financial strength and stability.,Salt Lake City,Salt Lake City,John Doe,John Doe (CEO); Jane Smith (CFO),Integrity; Community Engagement; Innovation,Digital Transformation; Customer Experience Enhancement,Exploring AI-driven personalized banking solutions.,Blockchain Integration; Data Analytics Optimization,Sustainable Growth; Risk Management; Customer Satisfaction,Stable Economic Conditions; Regulatory Compliance,Technology Infrastructure; Market Trends,University of Utah; Brigham Young University,0.3979,1.6989,8.0,5.0,3,0.0,2023-10-26T08:30:00Z
"Retrieve Medical Holdings, Inc.",RMH,Empowering Healthcare Through Innovation,8.5,1200,To revolutionize healthcare delivery through cutting-edge technology and compassionate care.,San Francisco,San Francisco,Dr. Amanda Chen,Dr. Amanda Chen (CEO); Mark Johnson (CFO),Innovation; Quality Care; Patient-Centric Approach,Telemedicine Solutions; Healthcare Analytics,Developing AI-driven diagnostic tools for early disease detection.,Remote Patient Monitoring; Precision Medicine,Digital Health; Medical Devices; Healthcare IT,Increasing demand for telehealth services; Regulatory support for digital health solutions,Integration with electronic health records systems; Data security compliance,Medical Research Grants; Healthcare Scholarships,0.9294,1.1761,12.0,8.5,3,0.0,2023-10-26T08:30:45Z
First Merchants Corp,NASDAQ:FRME,Your trusted financial partner,1000000000,3000,Empowering financial success through innovative solutions,Muncie,Muncie,John Smith,John Smith (CEO); Emily Johnson (CFO),Integrity; Innovation; Customer Focus,Digital Transformation; Customer Experience Enhancement,Exploring AI-driven personalized financial services,Blockchain Integration; Data Analytics Optimization,Fintech; Customer Engagement; Risk Management,Stable economic conditions; Regulatory compliance,Technological infrastructure upgrades; Market trends,Scholarship programs; Research grants,9.0,10.5,8.5,12.3,4,50.5,2022-10-31T08:00:00Z
Mycronic Ab/Adr,MYCR,Driving the future of electronics,1000000000,2500,Empowering electronics manufacturing through innovative solutions,Stockholm,Stockholm,John Smith,John Smith (CEO); Emily Johnson (CFO),Innovation; Quality; Customer Satisfaction,Research & Development; Product Innovation,Continuous improvement in manufacturing processes,Automation Solutions; Precision Engineering,Electronics Manufacturing; Automation Technology,Stable market demand; Technological advancements,Supply chain efficiency; Market trends,STEM Education Programs; Scholarship Funds,9.0,9.5,12.0,8.0,3,0.0,2022-10-31T08:00:00Z
Nexans S.A./Adr,NXPRY,Electrify the Future,7.2,26000,Empower a sustainable and connected world through innovative cable solutions.,Paris,Paris,Christopher Guérin,Christopher Guérin (CEO); Vincent Dessale (CFO),Innovation; Sustainability; Quality,Renewable Energy; Smart Grids,Developing advanced cable solutions for renewable energy transmission.,Smart Grid Optimization; Energy Efficiency Solutions,Energy Transition; Digitalization; Electrification,Growing demand for renewable energy solutions; Technological advancements in cable manufacturing,Global economic conditions; Government regulations on energy sector,Scholarships for Engineering Students; Research Grants for Sustainable Energy Studies,0.8573,1.2041,6.5,3.2,5,0.0,2022-10-31T08:00:00Z
"Xinjiang Goldwind Science & Technology Co., Ltd./Adr",XJNGF,Leading the way in renewable energy solutions,9.2,11000,To provide innovative and sustainable energy solutions for a better future,Urumqi,Urumqi,Wu Gang,Wu Gang (Chairman); Li Zhenguo (Vice Chairman),Innovation; Sustainability; Global Impact,Research & Development; Market Analysis; Strategic Partnerships,Exploring new wind energy technologies for increased efficiency,Wind Farm Optimization; Smart Grid Integration; Energy Storage Solutions,Renewable Energy; Clean Technology; Environmental Sustainability,Stable government policies supporting renewable energy; Continued global shift towards clean energy sources,Access to key raw materials for manufacturing; Market demand for renewable energy solutions,Supporting research in renewable energy at universities; Scholarship programs for students in sustainable energy fields,0.9638,1.1761,8.5,12.3,4,0.0,2023-10-26T08:30:15Z
Plastic Omnium/Adr,POMOY,Innovating for a sustainable future,9.2,32000,To provide innovative solutions for a cleaner and more sustainable world.,Levallois-Perret,Levallois-Perret,Jean-Michel Szczerba,Jean-Michel Szczerba (CEO); Laurent Favre (CFO),Innovation; Sustainability; Quality,Research & Development; Product Design,Continuous innovation in sustainable materials and technologies.,Recycling Initiatives; Eco-friendly Product Development,Automotive Industry; Environmental Solutions,Growing demand for eco-friendly products; Stable economic conditions,Supply chain partnerships; Regulatory compliance,Scholarship programs; Research grants,0.9638,1.1761,8.5,12.3,4,0.0,2023-10-26T08:30:45Z
"Silver Mountain Resources, Inc.",SMR,Exploring the Future,8.5,250,To responsibly explore and develop mineral resources for a sustainable future.,Silver Mountain,Silver Mountain,John Smith,John Smith (CEO); Emily Johnson (CFO),Sustainability; Innovation; Community Engagement,Exploration; Research; Development,Innovative and sustainable mineral extraction techniques,Silver Mining Project; Copper Exploration Initiative,Environmental Impact; Community Relations; Technological Advancements,Stable commodity prices; Access to necessary permits,Market demand; Economic conditions,Scholarship programs; Research grants,9.53,10.2,12.0,5.8,3,150.5,2023-10-31T08:00:00Z
Nippon Sanso Holdings Corporation/Adr,NSHDF,Innovating for a Sustainable Future,9.2,15000,To lead in providing innovative solutions for a sustainable future.,Tokyo,Tokyo,Hiroshi Yokokawa,Hiroshi Yokokawa (CEO); Naoya Uehara (CFO),Innovation; Sustainability; Excellence,Renewable Energy; Green Technologies,Exploring new ways to reduce carbon footprint through technology.,Carbon Capture; Renewable Energy Integration,Sustainability Solutions; Innovative Technologies,Growing demand for sustainable solutions; Technological advancements in clean energy,Government regulations on emissions; Market acceptance of green technologies,Environmental Science Research Grants; STEM Scholarships,0.9638,1.2041,0.0453,12.5,3,0.0,2023-10-26T08:30:15Z
"Kobe Bussan Co., Ltd./Adr",KBUSY,Innovating for a Sustainable Future,8.5,1500,To provide high-quality products and services while promoting sustainability and innovation.,Osaka,Osaka,Yuki Tanaka,Hiroshi Kobayashi (CEO); Yuki Tanaka (CFO),Sustainability; Innovation; Quality,Market Research; Product Development,Exploring new market opportunities in the Asia-Pacific region.,Supply Chain Optimization; Customer Experience Enhancement,Sustainability Practices; Innovative Technologies,Stable economic conditions; Growing consumer demand for eco-friendly products,Government regulations; Supplier partnerships,Scholarship Programs; Research Grants,0.9294,1.0414,0.0453,0.032,5,0.0,2023-10-26T08:30:00Z
Whitecap Resources Inc.,WCP,Energy for the Future,8.5,500,To responsibly develop energy resources for a sustainable future.,Calgary,Calgary,John Smith,John Smith (CEO); Emily Johnson (CFO),Sustainability; Innovation; Community Engagement,Exploration; Technology Development,Exploring new oil and gas reserves in untapped regions.,Carbon Capture and Storage; Renewable Energy Integration,Environmental Stewardship; Operational Excellence; Safety Culture,Stable oil prices; Regulatory compliance,Market demand; Technological advancements,Scholarship programs; Research grants,0.9294,1.6989,12.0,5.3,4,0.0,2023-10-26T08:30:00Z
Kyoto Financial Group Inc/Adr,KFG,Empowering Financial Growth,9.2,1500,To provide innovative financial solutions for sustainable growth,New York,New York,John Smith,John Smith (CEO); Emily Johnson (CFO),Integrity; Innovation; Customer Focus,Fintech; Sustainable Investments,Exploring AI-driven risk management solutions,Blockchain Integration; Digital Transformation,Wealth Management; Risk Assessment; Investment Banking,Stable economic conditions; Regulatory compliance,Market trends; Technological advancements,Scholarship programs; Research grants,0.9638,1.2041,8.5,12.3,4,5.7,2023-10-26T08:30:45Z
