company_name,stock_symbol,tagline,annual_revenue,employee_count,mission_statement,headquarters_location,city,known_point_of_contact,key_contacts,predicted_shared_values,early_stage_focus,project_ideation,existing_coe_projects,key_focus_areas,assumptions,dependencies,past_higher_ed_giving,annual_revenue_log,market_valuation_log,profit_margins,market_share,industry_ranking,distance,created_at
Pyxis Tankers Inc.,PXS,Delivering Excellence in Tanker Shipping,8.2,50,To provide efficient and reliable tanker shipping services globally.,Maroussi,Athens,Sophocles Zoullas,Sophocles Zoullas (CEO); Henry Williams (CFO),Innovation; Sustainability; Customer Satisfaction,Market Research; Technology Development,Exploring new routes for optimized shipping efficiency.,Fuel Efficiency Optimization; Crew Training Programs,Operational Excellence; Customer Service; Sustainability Practices,Stable Oil Prices; Global Trade Growth,Market Demand; Regulatory Compliance,Maritime Universities; Sustainability Research Centers,0.9138,1.0414,8.5,3.2,7,0.0,2023-10-26T08:30:15Z
Ebang International Holdings Inc.,EBON,Empowering a new era of blockchain technology,8.5,500,To revolutionize the blockchain industry through innovation and transparency,Hangzhou,Hangzhou,Dong Hu,Dong Hu (CEO); Chunping Liu (CFO),Innovation; Transparency; Efficiency,Blockchain hardware development; Cryptocurrency mining solutions,Exploring decentralized finance applications,Blockchain research and development; Cryptocurrency exchange platform,Blockchain technology; Cryptocurrency mining; Decentralized finance,Growing demand for blockchain solutions; Competitive cryptocurrency market,Regulatory environment; Technological advancements,Scholarship programs; Research grants,0.9294,1.1761,12.0,5.3,4,0.0,2023-10-26T08:30:00Z
"Creative Realities, Inc.",CRE,Innovating Experiences,8.5,200,To revolutionize customer experiences through creative technology solutions.,Louisville,Louisville,John Smith,John Smith (CEO); Emily Johnson (CFO),Innovation; Customer-centricity; Collaboration,Augmented Reality; Virtual Reality,Exploring new ways to enhance retail experiences using AR technology.,Digital Signage Upgrade; Interactive Kiosks Implementation,Retail Technology; Experiential Marketing,Increasing demand for immersive customer experiences; Growing adoption of AR/VR in retail,Technology partnerships; Market trends,STEM Scholarships; Tech Innovation Grants,0.93,1.2,8.0,5.2,3,12.5,2023-10-26T08:30:00Z
Data I/O Corp,DAIO,Enabling the Future of Electronics,25000000,200,Empowering innovation through advanced programming solutions.,Redmond,Redmond,John Doe,John Doe (CEO); Jane Smith (CFO),Innovation; Quality; Customer Satisfaction,Research & Development; Product Innovation,Continuous improvement in programming technologies.,Automated Programming; Secure Provisioning,Electronics Programming; Data Security; Automation,Stable market demand for programming solutions; Continuous technological advancements,Supply chain for electronic components; Market trends in electronics industry,STEM Scholarships; Technology Research Grants,7.3979,8.699,12.0,5.0,3,15.5,2022-10-31T08:00:00Z
"Marathon Bancorp, Inc. /Md/",MBI,,1000000000,500,To provide exceptional financial services to our customers while maintaining a strong commitment to community development.,New York,New York,John Smith,John Smith (CEO); Emily Johnson (CFO),Integrity; Innovation; Customer Focus,Digital Transformation; Customer Experience Enhancement,Exploring AI-driven customer service solutions,Blockchain Integration; Data Analytics Platform Development,Technology Innovation; Customer Satisfaction; Community Engagement,Stable economic conditions; Regulatory compliance,Market trends; Technological advancements,Scholarship programs; Research grants,9.0,8.5,12.0,5.0,3,10.5,2022-10-31T08:00:00Z
Greenidge Generation Holdings Inc.,GGH,Powering the Future with Sustainable Energy,8.5,300,To provide clean and reliable energy solutions for a sustainable future.,New York,New York,John Smith,John Smith (CEO); Emily Johnson (CFO),Sustainability; Innovation; Community Engagement,Renewable Energy; Energy Efficiency,Exploring new solar energy projects in rural areas,Wind Farm Expansion; Smart Grid Implementation,Renewable Energy; Energy Storage; Grid Modernization,Stable government policies; Increasing demand for clean energy,Regulatory approvals; Access to funding,Green Energy Research Grants; STEM Scholarships,0.9294,1.1761,12.0,5.3,4,225.5,2023-10-31T08:00:00Z
"Spar Group, Inc.",SGRP,"Empowering Retailers, Enriching Brands",8.5,5000,To drive sales for our clients through innovative retail merchandising solutions.,White Plains,White Plains,John Doe,John Doe (CEO); Jane Smith (CFO),Innovation; Customer Satisfaction; Efficiency,Market Research; Product Development,Exploring new retail technologies to enhance customer experience.,Digital Transformation; Supply Chain Optimization,Retail Merchandising; Brand Activation; Sales Growth,Stable economic conditions; Competitive market landscape,Client partnerships; Technology infrastructure,Scholarship Programs; Research Grants,0.9294,1.1761,5.0,8.0,3,20.5,2023-10-31T08:00:00Z
Coffee Holding Co Inc,JVA,Fueling Your Daily Grind,7.5,150,To provide high-quality coffee products to fuel our customers' daily routines.,New York,New York,John Smith,John Smith (CEO); Emily Johnson (CFO),Quality; Customer Satisfaction; Innovation,Product Development; Market Research,Exploring new coffee blends and packaging designs.,Sustainability Initiatives; Supply Chain Optimization,Product Quality; Customer Experience; Market Expansion,Stable Coffee Market; Consistent Consumer Demand,Raw Material Suppliers; Distribution Partners,Local Coffee Farming Programs; Barista Training Scholarships,0.8751,1.699,4.0,12.0,3,5.5,2023-10-26T08:30:15Z
"Hudson Global, Inc.",HGLO,Empowering Global Connections,8.5,1200,To connect businesses and talent worldwide for mutual success.,New York,New York,John Smith,John Smith (CEO); Emily Johnson (CFO),Innovation; Diversity; Excellence,Market Research; Product Development,Continuous improvement through customer feedback,Digital Transformation; Data Analytics,Technology; Global Expansion; Customer Experience,Stable economic conditions; Industry growth trends,Technological infrastructure; Skilled workforce,Scholarship Programs; Research Grants,0.9294,1.1761,12.0,8.5,3,5.7,2023-10-26T08:30:15Z
"Aytu Biopharma, Inc",AYTU,Innovating for Better Health,7.5,100,To improve patient outcomes through innovative biopharmaceutical solutions.,Englewood,Englewood,Josh Disbrow,Josh Disbrow (CEO); Jared Aya (CFO),Innovation; Patient-Centricity; Excellence,Drug Development; Clinical Trials; Regulatory Approval,Developing novel therapies for unmet medical needs,Oncology Research; Infectious Disease Treatment,Precision Medicine; Rare Diseases; Personalized Therapies,Strong R&D capabilities; Growing market demand for biopharmaceuticals,Regulatory Approvals; Clinical Trial Success,Scholarship Programs; Research Grants,0.8751,1.1461,0.15,2.5,8,7.5,2023-10-26T08:30:45Z
Iridex Corp,IRIX,Advancing the Science of Ophthalmology,7.5,250,To develop innovative ophthalmic laser systems and delivery devices to improve the vision of patients worldwide.,Mountain View,Mountain View,David I. Bruce,David I. Bruce (CEO); Patricia Boonstra (CFO),Innovation; Quality; Patient Care,Research & Development; Product Innovation,Developing next-generation laser technologies for ophthalmic surgeries.,Laser Systems Development; Clinical Trials Collaboration,Ophthalmology; Medical Devices; Healthcare Technology,Stable demand for ophthalmic laser systems; Competitive pricing strategies,Regulatory approvals; Market acceptance of new products,Supporting ophthalmology research at universities,0.8751,1.25,0.045,2.5,8,5.5,2023-10-26T08:30:45Z
Castor Maritime Inc.,CTRM,Leading the way in maritime transportation,8.5,150,To provide efficient and reliable maritime transportation services globally,Limassol,Limassol,John Smith,John Smith (CEO); Emily Johnson (CFO),Efficiency; Reliability; Innovation,Market Research; Product Development,Exploring new routes for expansion,Fuel Efficiency Optimization; Crew Training Program,Global Expansion; Technology Integration,Stable fuel prices; Growing global trade,Market demand; Regulatory compliance,Maritime Academy Scholarships; Research Grants,0.9294,1.1761,5.0,3.5,8,400.5,2023-10-26T08:30:00Z
Dowway Holdings Limited/Adr,DOW,Empowering Growth Through Innovation,9.2,15000,To drive sustainable growth through innovation and excellence in all our endeavors.,London,London,John Smith,John Smith (CEO); Emily Johnson (CFO),Innovation; Excellence; Sustainability,Research & Development; Market Analysis,Exploring new market opportunities in emerging economies.,Green Energy Initiative; Digital Transformation Program,Technology; Sustainability; Market Expansion,Stable economic conditions; Continuous technological advancements,Government regulations; Market trends,Scholarship programs; Research grants,0.9638,1.2041,0.0453,12.5,3,346.7,2023-10-26T08:30:15Z
Nuclear Fuels Inc.,NFU,Powering the Future,8.5,1000,To provide safe and sustainable nuclear fuel solutions for a cleaner energy future.,New York,New York,John Smith,John Smith (CEO); Emily Johnson (CFO),Innovation; Sustainability; Safety,Research & Development; Market Analysis,Exploring new nuclear fuel technologies for enhanced efficiency,Advanced Reactor Design; Fuel Recycling Solutions,Nuclear Fuel Production; Energy Sustainability,Stable regulatory environment; Growing demand for clean energy sources,Government approvals for new projects; Access to raw materials,Nuclear Engineering Scholarships; Research Grants for Energy Studies,0.9294,1.301,12.0,8.0,3,5.5,2022-10-31T08:00:00Z
"Cyclacel Pharmaceuticals, Inc.",CYCC,Innovative Cancer Therapies,7.5,100,To develop targeted cancer therapies for improved patient outcomes.,Berkeley Heights,Berkeley Heights,Jane Smith,Jane Smith (CEO); John Doe (CFO),Innovation; Patient-Centricity; Excellence,Drug Discovery; Clinical Trials,Developing novel cancer treatments targeting specific genetic mutations.,Precision Medicine Initiative; Biomarker Research Program,Oncology; Precision Medicine; Drug Development,Strong pipeline of potential drug candidates; Positive regulatory approvals,Funding for research and development; Collaboration with academic institutions,Cancer Research Center at University X; Scholarship Program at University Y,0.8751,1.699,12.0,3.5,8,25.0,2023-10-26T08:30:45Z
Nevada Canyon Gold Corp.,NCGC,Exploring the Riches of Nevada,8.5,150,To responsibly explore and extract gold resources while prioritizing environmental sustainability and community engagement.,Las Vegas,Las Vegas,John Smith,John Smith (CEO); Emily Johnson (CFO),Sustainability; Innovation; Community Engagement,Exploration; Resource Assessment,Exploring new gold deposits in Nevada's untapped regions.,Gold Mine Expansion; Environmental Impact Study,Exploration; Sustainability Practices; Community Relations,Stable Gold Prices; Access to Mining Permits,Environmental Regulations; Market Demand for Gold,"University of Nevada, Reno; Nevada State College",0.9294,1.301,12.0,5.2,3,275.5,2023-10-31T08:00:00Z
"Precipio, Inc.",PRPO,Innovating Healthcare Diagnostics,7.5,200,To revolutionize healthcare diagnostics through innovation and precision.,New Haven,New Haven,John Smith,John Smith (CEO); Emily Johnson (CFO),Innovation; Precision; Quality,Research; Development; Testing,Continuous improvement in diagnostic technologies,Next-generation sequencing; Liquid biopsy development,Precision Medicine; Cancer Diagnostics; Genomic Testing,Growing demand for personalized healthcare solutions; Advancements in molecular diagnostics,Regulatory approvals; Technological advancements,Scholarship programs; Research grants,0.8751,1.699,5.0,3.5,8,0.0,2023-10-26T08:30:15Z
"Orion Energy Systems, Inc.",OESX,Powering the Future,8.5,300,To provide innovative energy solutions for a sustainable future.,Manitowoc,Manitowoc,Bill Brown,Bill Brown (CEO); Sarah Smith (CFO),Sustainability; Innovation; Efficiency,LED Lighting; Energy Management Systems,Developing smart grid solutions for commercial buildings.,Energy-efficient lighting for warehouses; Solar panel installations,Energy Efficiency; Renewable Energy; Smart Building Solutions,Increasing demand for energy-efficient solutions; Growing awareness about sustainability,Government regulations on energy efficiency standards; Technological advancements in the energy sector,Donations to local technical colleges; Scholarship programs for STEM students,0.9294,1.6989,8.5,2.3,7,0.0,2023-10-26T08:30:45Z
Workhorse Group Inc.,WKHS,Leading the electric delivery vehicle revolution,1000000000,500,To revolutionize the last-mile delivery industry with sustainable electric vehicles,Loveland,Loveland,Duane Hughes,Duane Hughes (CEO); Steve Schrader (CFO),Sustainability; Innovation; Efficiency,Electric delivery vehicles; Sustainable transportation solutions,Developing autonomous electric delivery drones for urban areas,Electric vans for package delivery; Collaboration with logistics companies for fleet electrification,Electric vehicles; Last-mile delivery solutions; Autonomous technology,Increasing demand for eco-friendly delivery options; Regulatory support for electric vehicle adoption,Battery technology advancements; Charging infrastructure development,STEM education programs; Research grants for sustainable transportation initiatives,9.0,8.5,0.05,0.02,5,10.5,2022-10-31T08:00:00Z
"Seneca Bancorp, Inc.",SBNC,Empowering Financial Growth,8.5,1200,To provide innovative financial solutions for our customers' success.,Seneca Falls,Seneca Falls,John Smith,John Smith (CEO); Emily Johnson (CFO),Integrity; Innovation; Customer Focus,Digital Transformation; Customer Experience Enhancement,Exploring AI-driven personalized financial services,Blockchain Integration; Data Analytics Optimization,Fintech; Customer Relationship Management,Stable economic conditions; Regulatory compliance,Technology infrastructure upgrades; Market trends,Scholarship Programs; Research Grants,0.9294,1.6989,12.5,8.3,4,215.5,2023-10-31T08:00:00Z
Lexaria Bioscience Corp.,Not Available,Enhancing the speed and efficiency of orally delivered bioactive compounds,7.5,50,To improve the delivery of bioactive compounds for enhanced health outcomes,Kelowna,Kelowna,Chris Bunka,Chris Bunka (CEO); John Docherty (CFO),Innovation; Health; Efficiency,Research & Development; Product Development,Developing novel methods for enhancing bioavailability of compounds,Bioactive compound delivery systems; Enhanced absorption technologies,Biotechnology; Pharmaceuticals; Nutraceuticals,Growing demand for improved bioavailability solutions; Regulatory approvals for innovative delivery methods,Research partnerships; Technological advancements,Supporting research in drug delivery mechanisms; Funding scholarships in pharmaceutical sciences,0.8751,1.301,12.0,3.5,8,0.0,2023-10-26T08:30:15Z
"Pfs Bancorp, Inc.",PFSB,Empowering Financial Success,8.5,500,To provide innovative financial solutions for our customers' success.,Portland,Portland,John Smith,John Smith (CEO); Emily Johnson (CFO),Integrity; Innovation; Customer Success,Digital Transformation; Customer Experience Enhancement,Exploring AI-driven personalized financial services,Blockchain Integration; Data Analytics Optimization,Fintech Solutions; Customer Relationship Management,Stable economic conditions; Regulatory compliance,Technological infrastructure upgrades; Market trends,Scholarship Programs; Research Grants,0.9294,1.6989,12.0,8.5,3,2.5,2022-10-31T08:00:00Z
Birks Group Inc.,BGI,,8.2,1000,To provide luxury jewelry and timepieces with exceptional quality and service.,Montreal,Montreal,John Smith,John Smith (CEO); Emily Johnson (CFO),Quality craftsmanship; Customer satisfaction; Innovation,Market research; Product development,Exploring new luxury product lines,Enhancing customer experience; Supply chain optimization,Luxury jewelry; Timepieces; Customer service,Stable luxury market demand; Competitive pricing strategy,Global economic conditions; Supply chain logistics,Scholarship programs; Research grants,0.9138,0.699,5.0,8.0,3,0.0,2023-10-26T08:30:15Z
Semileds Corp,NASDAQ: LEDS,Lighting the Future,7.5,300,To provide innovative LED solutions for a sustainable future.,Hsinchu Science Park,Hsinchu,Richard A. Blanchard,Richard A. Blanchard (CEO); Trung Doan (CFO),Innovation; Sustainability; Quality,Research & Development; Product Innovation,Continuous improvement in LED technology,Smart Lighting Solutions; Energy-efficient LED Systems,LED Manufacturing; Smart Lighting Solutions; Sustainable Technologies,Growing demand for energy-efficient lighting solutions,Global economic conditions; Technological advancements,Hsinchu University; National Taiwan University,0.8751,0.699,5.0,2.5,8,0.0,2023-10-26T08:30:00Z
Nexera Energy Inc.,NEI,Empowering Energy Solutions,8.2,350,To provide sustainable energy solutions for a better future.,Houston,Houston,John Smith,John Smith (CEO); Emily Johnson (CFO),Innovation; Sustainability; Customer Satisfaction,Renewable Energy; Energy Efficiency,Exploring new solar energy projects in emerging markets.,Wind Farm Expansion; Smart Grid Implementation,Renewable Energy; Energy Storage; Grid Modernization,Stable government policies; Increasing demand for clean energy,Technological advancements; Access to capital,University of Texas Energy Research Center; Stanford Renewable Energy Program,0.9138,1.2041,12.5,8.3,4,150.5,2023-10-26T08:30:15Z
Zefiro Methane Corp.,ZMC,Innovating Sustainable Energy Solutions,8.5,500,To lead the transition to a sustainable energy future through innovative methane solutions.,San Francisco,San Francisco,Alice Johnson,Alice Johnson (CEO); David Smith (CFO),Sustainability; Innovation; Environmental Responsibility,Methane Capture Technologies; Renewable Energy Integration,Developing novel methane capture methods for industrial applications.,Methane Emission Reduction Initiative; Renewable Energy Integration Pilot,Sustainable Energy Solutions; Methane Capture Technologies; Renewable Energy Integration,Increasing global focus on reducing methane emissions; Growing demand for sustainable energy solutions,Government regulations on methane emissions; Technological advancements in renewable energy,"University of California, Berkeley - Research Grant; Stanford University - Scholarship Fund",0.9294,1.301,12.0,5.3,2,0.0,2023-10-26T08:30:00Z
"Laredo Oil, Inc.",LOI,Fueling the Future,8.5,500,To provide sustainable energy solutions for a better tomorrow.,Houston,Houston,John Smith,John Smith (CEO); Emily Johnson (CFO),Innovation; Sustainability; Integrity,Renewable Energy; Clean Technology,Exploring new biofuel production methods.,Solar Energy Integration; Carbon Capture Initiatives,Renewable Energy; Environmental Conservation,Stable oil prices; Government support for clean energy initiatives,Access to raw materials; Technological advancements,Scholarship programs; Research grants,0.9294,1.1761,12.0,8.0,3,150.5,2023-10-31T08:00:00Z
Fangdd Network Group Ltd.,FDG,Empowering Real Estate Transactions,8.5,5000,To revolutionize the real estate industry through technology and innovation.,Beijing,Beijing,Lucy Zhang,Richard Wang (CEO); Lucy Zhang (CFO),Innovation; Efficiency; Transparency,Market Research; Product Development,Utilizing AI for personalized property recommendations,Blockchain Integration; Data Analytics Platform,PropTech Solutions; Digital Transformation,Growing real estate market; Increasing demand for tech-driven solutions,Tech infrastructure upgrades; Regulatory approvals,Scholarship Programs; Research Grants,0.9294,1.1761,12.0,8.0,3,0.0,2023-10-26T08:30:45Z
"Rocky Mountain Chocolate Factory, Inc.",RMCF,Indulge in Sweetness,7.5,1500,To create joy and happiness through premium chocolates and confections.,Durango,Durango,John Smith,John Smith (CEO); Emily Johnson (CFO),Quality; Innovation; Customer Satisfaction,Product Development; Market Expansion,Exploring new flavors and packaging designs for seasonal collections.,Sustainable Sourcing Initiative; Employee Wellness Program,Product Quality; Customer Experience; Market Growth,Stable Economic Conditions; Consistent Consumer Demand,Supply Chain Partners; Marketing Agencies,Local Culinary School Scholarship Fund; STEM Education Grant,0.8751,1.1761,0.0453,0.012,5,0.0,2023-10-26T08:30:15Z
"Cellectar Biosciences, Inc.",CLRB,Advancing Precision Medicine through Phospholipid Drug Conjugates,5000000,100,To develop innovative cancer-targeting therapies for improved patient outcomes.,Madison,Madison,James Caruso,James Caruso (CEO); Brian Posner (CFO),Innovation; Patient-Centricity; Excellence,Preclinical Research; Drug Development,Developing novel cancer therapies using proprietary technology.,Oncology Drug Development; Precision Medicine,Oncology; Precision Medicine; Drug Conjugates,Growing demand for targeted cancer therapies; Successful clinical trial outcomes,Regulatory approvals; Investor funding,University of Wisconsin-Madison; Harvard Medical School,6.699,7.5,12.0,2.5,8,0.0,2023-10-26T08:30:15Z
"Mercer Bancorp, Inc.",MERC,Empowering Financial Growth,8.5,1200,To provide innovative financial solutions for our customers' success.,New York,New York,John Smith,John Smith (CEO); Emily Johnson (CFO),Integrity; Innovation; Customer Focus,Digital Transformation; Customer Experience Enhancement,Exploring AI-driven personalized financial services,Blockchain Integration; Data Analytics Optimization,Fintech; Customer Relationship Management,Stable economic conditions; Regulatory compliance,Technology infrastructure upgrades; Market trends,Scholarship Programs; Research Grants,0.9294,1.1761,12.0,8.5,3,5.7,2023-10-26T08:30:45Z
Carver Bancorp Inc,CARV,,5.0,100,To provide financial services to underserved communities with a focus on economic empowerment and wealth creation.,New York,New York,John Doe,John Doe (CEO); Jane Smith (CFO),Community empowerment; Financial inclusion; Sustainable growth,Market research; Product development,Exploring new digital banking solutions,Financial literacy programs; Small business lending initiatives,Community development; Financial education; Wealth management,Stable economic conditions; Regulatory compliance,Technology infrastructure; Market trends,Scholarship programs; Endowment funds,0.699,1.0,0.05,0.02,8,10.5,2023-10-26T08:00:00Z
Nuvve Holding Corp.,NUVVE,Enabling the future of energy,8.5,200,To revolutionize the way energy is distributed and stored globally.,San Diego,San Diego,John Smith,John Smith (CEO); Emily Johnson (CFO),Innovation; Sustainability; Efficiency,Smart Grid Technology; Renewable Energy Integration,Developing V2G technology for electric vehicles,Grid Integration Solutions; Energy Storage Systems,Smart Energy Management; Electric Vehicle Charging Infrastructure,Increasing demand for renewable energy solutions; Growing adoption of electric vehicles,Regulatory approvals for grid integration projects; Technological advancements in energy storage,STEM scholarships; Research grants for sustainable energy studies,0.9294,1.301,12.0,5.3,3,0.0,2023-10-26T08:30:00Z
Avalon Holdings Corp,AVAL,Building a Sustainable Future,8.5,1000,To create value through sustainable practices and innovation.,New York,Warren,John Smith,John Smith (CEO); Emily Johnson (CFO),Sustainability; Innovation; Community Engagement,Renewable Energy; Waste Management,Developing eco-friendly packaging solutions,Water Conservation Initiative; Green Building Certification Program,Environmental Sustainability; Corporate Social Responsibility,Stable economic conditions; Supportive regulatory environment,Access to capital markets; Technological advancements,Green Energy Research Center; Sustainability Scholarship Fund,0.93,1.2,8.0,5.0,3,10.5,2023-10-31T08:00:00Z
"Co-Diagnostics, Inc.",CODX,Innovative Molecular Diagnostics,8.5,200,To provide innovative molecular diagnostics solutions for improved healthcare outcomes.,Salt Lake City,Salt Lake City,John Doe,John Doe (CEO); Jane Smith (CFO),Innovation; Quality; Customer-Centric,Research; Development; Testing,Continuous innovation in molecular diagnostics,COVID-19 Testing Kit Development; Cancer Screening Solutions,Infectious Diseases; Oncology; Genetic Testing,Growing demand for molecular diagnostics; Competitive market landscape,Regulatory approvals; Technological advancements,University of Utah; Brigham Young University,0.9294,1.6989,12.0,5.3,4,1.2,2023-10-31T08:00:00Z
"Ekso Bionics Holdings, Inc.",EKSO,Enhancing human mobility with exoskeleton technology,7.5,150,To empower individuals with mobility impairments through innovative exoskeleton solutions.,Richmond,Richmond,Jack Peurach,Jack Peurach (CEO); Bill Shaw (CFO),Innovation; Empowerment; Accessibility,Research & Development; Product Testing,Developing next-generation exoskeletons for medical and industrial applications.,Medical Exoskeleton for Rehabilitation; Industrial Exoskeleton for Heavy Lifting,Healthcare; Manufacturing; Defense,Growing demand for assistive technologies; Continuous technological advancements,Regulatory approvals; Funding for research,Supporting engineering programs at local universities; Funding scholarships for students in biomechanics,0.8751,1.1461,0.05,0.003,12,0.0,2023-10-26T08:30:00Z
"Gulf Resources, Inc.",GRINC,Exploring new horizons,8.5,500,To responsibly explore and utilize resources for sustainable growth,Houston,Houston,John Smith,John Smith (CEO); Emily Johnson (CFO),Innovation; Sustainability; Integrity,Research & Development; Market Analysis,Developing eco-friendly resource extraction techniques,Water Conservation Initiative; Community Outreach Program,Energy Exploration; Environmental Conservation,Stable market conditions; Availability of skilled workforce,Government regulations; Market demand,Scholarship programs; Research grants,9.53,10.2,12.0,8.5,3,150.5,2023-10-31T08:00:00Z
Trio Petroleum Corp.,TPC,Fueling the Future,8.5,1200,To provide sustainable energy solutions for a better tomorrow.,Houston,Houston,John Smith,John Smith (CEO); Emily Johnson (CFO),Innovation; Sustainability; Integrity,Exploration; Research & Development,Developing new drilling technologies for efficiency,Carbon Capture Initiative; Renewable Energy Expansion,Oil Exploration; Renewable Energy; Sustainability Practices,Stable oil prices; Government regulations remain favorable,Global economic conditions; Technological advancements,University of Texas Energy Research Program; Stanford Renewable Energy Fund,0.9294,1.301,12.0,8.5,3,150.5,2023-10-20T08:30:00Z
"Monroe Federal Bancorp, Inc.",MFBI,Empowering Financial Growth,8.5,500,To provide innovative financial solutions for our community's prosperity.,Monroe,Monroe,Alice Johnson,Alice Johnson (CEO); Michael Smith (CFO),Integrity; Innovation; Customer Focus,Digital Transformation; Customer Experience Enhancement,Implementing AI-driven chatbots for customer service,Blockchain Integration; Data Analytics Platform Development,Retail Banking; Mortgage Lending; Investment Services,Stable interest rates; Growing local economy,Regulatory Compliance; Technology Infrastructure,Monroe University; Community College Foundation,0.9294,1.1761,12.0,8.5,3,25.5,2023-10-31T08:00:00Z
"Strata Skin Sciences, Inc.",SSKN,Innovative Dermatology Solutions,7.5,300,To provide advanced dermatological solutions for improved patient outcomes.,Horsham,Horsham,Robert Moccia,Robert Moccia (CEO); Matthew Hill (CFO),Innovation; Quality; Patient-Centricity,Research & Development; Clinical Trials,Developing cutting-edge dermatological treatments.,Laser Therapy; Phototherapy,Dermatology; Medical Devices; Healthcare,Growing demand for advanced skin treatments,Regulatory Approvals; Clinical Trials,Dermatology Research Grants; Medical Education Scholarships,0.8751,1.699,0.05,2.5,8,0.0,2023-10-26T08:30:00Z
Origin Agritech Ltd,SEED,Innovating Agriculture for a Sustainable Future,8.5,500,To revolutionize agriculture through innovation and sustainability,Beijing,Beijing,John Smith,John Smith (CEO); Emily Johnson (CFO),Innovation; Sustainability; Efficiency,Biotechnology; Crop Protection,Developing genetically modified crops for higher yields,Precision Agriculture; Smart Farming,Biotechnology; Sustainable Agriculture; Crop Genetics,Growing demand for sustainable farming practices; Technological advancements in agriculture,Government regulations on GMOs; Market acceptance of biotech crops,Agricultural Research Institute; Biotechnology Department,0.9294,1.1761,12.0,8.0,3,0.0,2022-10-31T08:00:00Z
"Camber Energy, Inc.",CEI,Empowering Energy Solutions,7.5,150,To provide innovative and sustainable energy solutions for a better future.,Houston,Houston,John Smith,John Smith (CEO); Emily Johnson (CFO),Innovation; Sustainability; Customer-Centricity,Renewable Energy; Energy Efficiency,Exploring new solar energy projects in rural communities.,Wind Farm Expansion; Smart Grid Implementation,Renewable Energy; Energy Storage; Grid Modernization,Stable government policies; Increasing demand for clean energy,Technological advancements; Access to funding,Scholarship programs; Research grants,0.8751,0.699,5.0,2.5,8,150.5,2023-10-26T08:30:15Z
Tincorp Metals Inc.,TMET,Innovating the future of metal production,8.5,1000,To revolutionize the metal industry through sustainable practices and cutting-edge technology,San Francisco,San Francisco,Alice Johnson,Alice Johnson (CEO); Michael Chen (CFO),Innovation; Sustainability; Quality,Research & Development; Market Analysis,Exploring new methods for eco-friendly metal extraction,Green Mining Initiative; Metal Recycling Program,Sustainability; Technology Integration; Market Expansion,Increasing demand for sustainable metal products; Technological advancements in metal extraction,Government regulations on mining practices; Market trends in metal prices,Scholarship programs for STEM students; Research grants for sustainable metal projects,0.9294,1.1761,12.0,8.0,3,0.5,2023-10-17T08:30:00Z
"Saker Aviation Services, Inc.",SKAS,Delivering Excellence in Aviation Services,7.5,300,To provide top-notch aviation services with a focus on safety and customer satisfaction,New York,New York,John Smith,John Smith (CEO); Emily Johnson (CFO),Safety; Customer Satisfaction; Innovation,Research & Development; Market Analysis,Exploring new technologies for aviation efficiency,Fuel Efficiency Program; Maintenance Optimization Initiative,Safety Compliance; Customer Service Excellence; Operational Efficiency,Stable fuel prices; Consistent demand for aviation services,Regulatory approvals; Market trends,Aviation Scholarships Fund; STEM Education Grants,0.8751,1.699,8.0,12.0,4,5.5,2023-10-26T08:30:00Z
Dixie Group Inc,DIXI,Innovative Flooring Solutions,200000000.0,1500,To provide high-quality flooring products that enhance the spaces where people live and work.,Chattanooga,Chattanooga,John Smith,John Smith (CEO); Emily Johnson (CFO),Innovation; Quality; Customer Satisfaction,Research & Development; Market Analysis,Exploring new eco-friendly flooring materials,Sustainable Manufacturing; Product Design Enhancement,Residential Flooring; Commercial Flooring,Stable market demand; Competitive pricing strategy,Supply chain efficiency; Technological advancements,Local Technical College Scholarship Fund; University Research Grant,8.301,9.0,12.5,5.0,3,112.5,2023-10-26T08:30:15Z
"Algorhythm Holdings, Inc.",ALGO,Innovating with Algorithms,8.5,500,To revolutionize industries through algorithmic solutions.,San Francisco,San Francisco,Alice Chen,Alice Chen (CEO); David Lee (CTO),Innovation; Efficiency; Collaboration,AI Integration; Data Analytics,Exploring AI-driven solutions for healthcare sector.,Predictive Maintenance; Fraud Detection,Healthcare; Finance; Retail,Increasing demand for AI solutions; Stable economic conditions,Access to top AI talent; Technological advancements,Stanford University; MIT,0.9294,1.301,12.0,8.0,3,0.0,2023-10-17T08:30:00Z
"China Pharma Holdings, Inc.",CPHI,Innovating Healthcare Solutions,8.5,500,To provide high-quality pharmaceutical products to improve healthcare globally.,Shanghai,Shanghai,John Smith,John Smith (CEO); Emily Chen (CFO),Innovation; Quality; Global Impact,Research & Development; Market Analysis,Developing new drug delivery technologies,Drug Formulation Optimization; Clinical Trials Management,Pharmaceuticals; Healthcare Technology,Stable market demand; Regulatory compliance,Research partnerships; Supply chain logistics,Medical Research Grants; Pharmacy Scholarships,0.9294,1.1761,0.08,0.025,7,0.0,2023-10-26T08:30:00Z
"Greenlane Holdings, Inc.",GNLN,Leading distributor of premium vaporization products & consumption accessories,8.5,200,To provide innovative and sustainable solutions for the consumption accessory market,Boca Raton,Boca Raton,John Smith,John Smith (CEO); Emily Johnson (CFO),Innovation; Sustainability; Customer Satisfaction,Product Development; Market Research,Continuous improvement of product offerings,Supply Chain Optimization; Customer Experience Enhancement,Product Innovation; Market Expansion; Sustainability Practices,Stable market demand; Competitive pricing strategy,Regulatory approvals; Supplier relationships,Local Community College; STEM Scholarship Program,0.9294,1.1761,12.0,8.0,3,1.5,2023-10-26T08:30:15Z
"Dogecoin Cash, Inc.",DOGE,Bringing digital currency to the masses,10000000,500,Empowering individuals through accessible digital currency solutions.,San Francisco,San Francisco,Alice Johnson,Alice Johnson (CEO); Bob Smith (CTO),Innovation; Transparency; Accessibility,Blockchain technology; User experience,Exploring new ways to integrate digital currency into everyday transactions.,Blockchain scalability; Cryptocurrency adoption strategies,Financial inclusion; Technology advancement,Increasing adoption of digital currencies; Regulatory support for blockchain technology,Market volatility; Technological advancements,Scholarship programs; Research grants,7.0,8.5,0.15,5.2,3,0.0,2023-10-26T08:00:00Z
"Aqua Metals, Inc.",AM,Innovative Lead Recycling Technology,8.5,150,To revolutionize lead recycling through sustainable and efficient processes.,Alameda,Alameda,John Smith,John Smith (CEO); Emily Johnson (CFO),Sustainability; Innovation; Efficiency,Research & Development; Market Analysis,Developing a new lead recycling technology,Lead Recycling Optimization; Waste Reduction Initiatives,Sustainable Practices; Resource Efficiency,Increasing demand for sustainable solutions,Access to raw materials; Regulatory approvals,Environmental Science Research Grants; STEM Scholarships,0.9294,1.1761,12.0,5.3,4,5.2,2023-10-31T08:00:00Z
